12/31/2013, SEX ASSAULT-FORCIBLE, 01/31/2012, 00:01, RESIDENTIAL COLLEGE BLDG, Closed, 13-30-OF
12/31/2013, SEX ASSAULT-FORCIBLE, 03/25/2012, 00:01, RESIDENTIAL BLDG, Closed, 13-31-OF
12/31/2013, SEX ASSAULT-FORCIBLE, 05/01/2011, 00:01, OFF-CAMPUS APARTMENT, Closed, 13-32-OF
12/31/2013, SEX ASSAULT-FORCIBLE, 09/08/2012, 00:01, RESIDENTIAL COLLEGE BLDG, Closed, 13-33-OF
12/31/2013, SEX ASSAULT-FORCIBLE, 09/18/2012, 00:01, OFF-CAMPUS RETREAT, Closed, 13-34-OF
12/31/2013, SEX ASSAULT-FORCIBLE, 10/01/2011, 00:01, RESIDENTIAL COLLEGE BLDG, Open, 13-35-OF
01/01/2014, POSSESSION OF MARIJUANA, 01/01/2014, 00:35, 268 SOUTH FRONTAGE RD, Closed, 0114000006-OF
01/01/2014, POSSESSION OF MARIJUANA, 12/31/2013, 00:18, 63 SACHEM ST, Closed by Arrest, 0113061854-OF
01/01/2014, DISPUTE-NO DISTURBANCE, 01/01/2014, 02:35, 1 DIXWELL AVE, Closed, 0114000027-OF
01/01/2014, ILLEGAL POSSESSION OF A WEAPON, 01/01/2014, 13:27, 512 VALLEY ST, Closed by Arrest, 0114000072-OF
01/01/2014, WARRANT SERVICE, 01/01/2014, 13:27, 512 VALLEY ST, Closed by Arrest, 0112007088-OF
01/03/2014, THEFT-GREATER-ATTEMPTED, 01/03/2014, 15:02, 170 WHITNEY AVE, Closed, 0214000017-OF
01/05/2014, ROBBERY-STRT-OTH WEAPON, 01/05/2014, 18:20, 367 CEDAR ST, Open, 0114000618-OF
01/06/2014, THEFT-GREATER-ATTEMPTED, 01/06/2014, 11:27, 272 WHITNEY AVE, Closed, 0214000043-OF
01/08/2014, THEFT-GREATER-PUBLIC BUILDING, 01/08/2014, 22:07, 70 TOWER PKY, Open, 0214000061-OF
01/09/2014, THEFT UNIVERSITY ACADEMIC BUILDING, 01/08/2014, 12:00, 219 PROSPECT ST, Closed, 0214000068-OF
01/09/2014, WARRANT SERVICE, 01/09/2014, 19:17, 84 WALL ST, Open, 0113051770-OF
01/09/2014, WANTED PERSON OTHER TOWN, 01/09/2014, 20:29, 1 UNION AVE, Closed by Arrest, 0114001340-OF
01/10/2014, HARASSMENT, 01/08/2014, 11:30, 1 PROSPECT ST, Open, 0214000076-OF
01/10/2014, THEFT-GREATER-BICYCLES, 01/07/2014, 15:02, 55 WHITNEY AVE, Open, 0214000080-OF
01/10/2014, POSSESSION OF MARIJUANA, 01/10/2014, 18:56, 50 NORTH FRONTAGE RD, Closed by Arrest, 0114001535-OF
01/11/2014, POSSESSION OF PARAPHERNALIA, 01/10/2014, 23:43, 130 PARK ST, Closed by Arrest, 0114001601-OF
01/11/2014, THEFT-SHOPLIFTING, 01/11/2014, 16:46, 43 BROADWAY ST, Closed by Arrest, 0114001705-OF
01/12/2014, CRIMINAL MISCHIEF-PRIVATE PROPERTY, 01/12/2014, 01:40, 801 HOWARD AVE, Closed, 0214000094-OF
01/12/2014, THEFT-BICYCLE, 01/11/2014, 22:58, 330 COLLEGE ST, Closed, 0214000092-OF
01/12/2014, POSSESSION OF DANGEROUS OR CONTROLLED DRUGS, 01/12/2014, 17:46, 189 ELM ST, Open, 0214000100-OF
01/13/2014, DISPUTE-NO DISTURBANCE, 01/13/2014, 02:10, 189 ELM ST, Closed, 0214000102-OF
01/13/2014, CONFIDENCE-FLIM FLAM, 01/06/2014, 12:21, 101 ASHMUN ST, Open, 0114002005-OF
01/13/2014, WANTED PERSON OTHER TOWN, 01/13/2014, 13:32, 643 HOWARD AVE, Closed by Arrest, 0114002015-OF
01/13/2014, WANTED PERSON OTHER TOWN, 01/13/2014, 13:33, 643 HOWARD AVE, Closed by Arrest, 0114002016-OF
01/13/2014, THEFT UNIVERSITY ACADEMIC BUILDING, 01/13/2014, 17:10, 9 HILLHOUSE AVE, Closed, 0214000107-OF
01/13/2014, THEFT-GREATER-UNIVERSITY RESIDENCE BUILDING, 01/13/2014, 20:09, 304 YORK ST, Closed, 0214000109-OF
01/14/2014, THEFT-GREATER-UNIVERSITY ACADEMIC BUILDING, 01/10/2014, 16:00, 367 CEDAR ST, Open, 0214000112-OF
01/14/2014, THEFT UNIVERSITY ACADEMIC BUILDING, //, 10:03, 367 CEDAR ST, Open, 0214000113-OF
01/14/2014, CRIMINAL IMPERSONATION-NON POLICE, //, 14:53, 242 ELM ST, Closed, 0114002175-OF
01/14/2014, THEFT-GREATER-BICYCLES, 01/14/2014, 19:49, 358 COLLEGE ST, Closed, 0214000116-OF
01/15/2014, THEFT UNIVERSITY RESIDENCE BUILDING, 01/15/2014, 21:59, 70 TOWER PKY, Open, 0214000125-OF
01/16/2014, BURGLARY-SCHOOL/COLLEGE /UNIVERSITY-NON FORCIBLE, 01/16/2014, 09:25, 302 YORK ST, Open, 0214000129-OF
01/16/2014, INTERFERING WITH AN OFFICER, 01/16/2014, 19:10, 34 HILLHOUSE AVE, Closed by Arrest, 0214000131-OF
01/17/2014, DRIVING WHILE INTOXICATED-ALCOHOL, 01/17/2014, 01:41, 208 ELM ST, Closed by Arrest, 0114002638-OF
01/17/2014, HARASSMENT, 06/27/2013, 00:00, 168 GROVE ST, Closed, 0213001625-OF
01/17/2014, HARASSMENT, 01/17/2014, 16:54, 265 PARK ST, Open, 0214000137-OF
01/18/2014, BREACH OF PEACE, 01/18/2014, 00:37, 39 HIGH ST, Closed, 0114002841-OF
01/18/2014, THEFT-GREATER-RESIDENCE, 01/18/2014, 01:31, 35 HIGH ST, Closed, 0114002857-OF
01/18/2014, THEFT-GREATER-UNIVERSITY ACADEMIC BUILDING, 01/17/2014, 08:30, 257 DERBY AVE, Closed, 0214000147-OF
01/18/2014, THEFT-GREATER-PUBLIC BUILDING, 01/18/2014, 14:40, 1070 CHAPEL ST, Closed, 0114002909-OF
01/18/2014, POSSESSION OF MARIJUANA, 01/18/2014, 17:37, 1037 CHAPEL ST, Closed by Arrest, 0214000151-OF
01/18/2014, HARASSMENT, 01/18/2014, 18:53, 291 CONGRESS AVE, Closed, 0114002977-OF
01/19/2014, RECOVERED LICENSE PLATES, 01/19/2014, 01:47, HOWE ST, Closed by Arrest, 0114003081-OF
01/19/2014, CRIMINAL MISCHIEF-PRIVATE PROPERTY, 01/19/2014, 20:56, 344 COLLEGE ST, Closed, 0214000158-OF
01/19/2014, SEX ASSAULT-FORCIBLE, 01/17/2014, 00:01, OFF-CAMPUS RESIDENCE, Open, 14-1-OF
01/20/2014, THEFT-SHOPLIFTING, 01/20/2014, 13:06, 13 BROADWAY ST, Closed by Arrest, 0114003293-OF
01/21/2014, CRIMINAL TRESPASS, 01/20/2014, 23:28, 310 CEDAR ST, Closed by Arrest, 0214000164-OF
01/21/2014, THEFT-GREATER-PUBLIC BUILDING, 01/21/2014, 13:50, 206 ELM ST, Open, 0214000169-OF
01/22/2014, THEFT UNIVERSITY ACADEMIC BUILDING, 01/22/2014, 12:00, 205 PROSPECT ST, Open, 0214000177-OF
01/25/2014, THEFT UNIVERSITY ACADEMIC BUILDING, 01/25/2014, 17:44, 180 YORK ST, Open, 0214000209-OF
01/27/2014, SUSPICIOUS FIRE, 01/27/2014, 15:41, 200 CONRAD DR, Closed, 0214000225-OF
01/28/2014, VIOLATION OR PROTECTIVE OR RESTRAINING ORDER, 01/28/2014, 00:34, 161 PARK ST, Closed by Arrest, 0114004547-OF
01/28/2014, EVADING RESPONSIBILITY, 06/21/2013, 01:20, ELM ST, Open, 0113028326-OF
01/28/2014, THEFT-GREATER-PUBLIC BUILDING, 01/28/2014, 07:55, 353 CROWN ST, Closed, 0214000231-OF
01/28/2014, THEFT GREATER MISCELLANEOUS, 01/25/2014, 13:00, 35 LYNWOOD PL, Closed, 0214000223-OF
01/29/2014, THEFT-GREATER-UNIVERSITY ACADEMIC BUILDING, 01/29/2014, 11:56, 1111 CHAPEL ST, Open, 0214000236-OF
01/31/2014, BREACH OF PEACE, 01/30/2014, 23:43, 70 CHURCH ST, Closed by Arrest, 0114005088-OF
01/31/2014, DRIVING WHILE INTOXICATED-ALCOHOL, 01/31/2014, 01:11, 220 GROVE ST, Closed by Arrest, 0114005099-OF
01/31/2014, HARASSMENT, 01/22/2014, 13:00, 127 WALL ST, Closed, 0214000254-OF
01/31/2014, DISPUTE-NO DISTURBANCE, 01/31/2014, 14:59, 221 WHITNEY AVE, Closed, 0214000255-OF
01/31/2014, WARRANT SERVICE, 01/31/2014, 19:50, HOWE ST, Closed by Arrest, 0113029132-OF
01/31/2014, WARRANT SERVICE, 01/31/2014, 20:28, HOWE ST, Closed by Arrest, 0112048993-OF
02/02/2014, CRIMINAL TRESPASS, 02/02/2014, 02:59, 330 COLLEGE ST, Closed by Arrest, 0214000269-OF
02/02/2014, DISORDERLY CONDUCT, 02/02/2014, 15:56, 302 YORK ST, Closed, 0214000273-OF
02/02/2014, THEFT FROM PERSON, 02/02/2014, 16:39, 300 YORK ST, Closed, 0114005564-OF
02/02/2014, THEFT-GREATER-BICYCLES, 02/01/2014, 22:00, 65 EDGEWOOD AVE, Closed, 0114005567-OF
02/03/2014, CRIMINAL TRESPASS, 02/03/2014, 19:47, 1000 CHAPEL ST, Closed by Arrest, 0114005773-OF
02/04/2014, THEFT-GREATER-UNIVERSITY ACADEMIC BUILDING, 02/04/2014, 11:00, 1156 CHAPEL ST, Open, 0214000286-OF
02/04/2014, BREACH OF PEACE, 02/04/2014, 16:51, 304 ELM ST, Closed by Arrest, 0214000287-OF
02/04/2014, THEFT-GREATER-UNIVERSITY ACADEMIC BUILDING, 11/04/2013, 18:23, 393 PROSPECT ST, Open, 0214000288-OF
02/04/2014, THEFT-GREATER-BICYCLES, 02/04/2014, 21:51, 483 COLLEGE ST, Closed, 0114005972-OF
02/07/2014, THEFT-GREATER-PUBLIC BUILDING, 02/07/2014, 16:25, 240 COLLEGE ST, Open, 0114006396-OF
02/08/2014, DRIVING WHILE INTOXICATED-DRUGS, 02/08/2014, 01:05, 270 YORK ST, Closed by Arrest, 0114006563-OF
02/09/2014, THEFT-BICYCLE, 02/09/2014, 14:14, 304 YORK ST, Open, 0214000324-OF
02/10/2014, POSSESSION OF MARIJUANA, 02/10/2014, 01:22, 306 YORK ST, Closed by Arrest, 0114006883-OF
02/10/2014, DRIVING WHILE INTOXICATED-ALCOHOL, 02/10/2014, 01:21, 20 TOWER PKY, Closed by Arrest, 0114006887-OF
02/09/2014, THEFT-BICYCLE, 02/09/2014, 14:14, 304 YORK ST, Open, 0214000324-OF
02/10/2014, HARASSMENT, 02/10/2014, 09:51, 221 WHITNEY AVE, Closed, 0214000326-OF
02/12/2014, CRIMINAL MISCHIEF-PRIVATE PROPERTY, 02/12/2014, 05:59, 61 EDGEWOOD AVE, Closed, 0114007281-OF
02/10/2014, HARASSMENT, 02/10/2014, 15:19, 19 TOWER PKY, Open, 0214000329-OF
02/14/2014, HARASSMENT, 02/13/2014, 14:26, 221 WHITNEY AVE, Closed, 0214000363-OF
02/15/2014, DISPUTE-NO DISTURBANCE, 02/15/2014, 00:45, YORK ST, Closed, 0114007683-OF
02/15/2014, CRIMINAL TRESPASS, 02/15/2014, 01:14, 88 YORK ST, Closed, 0114007688-OF
02/15/2014, THEFT OF CREDIT CARDS, 01/29/2014, 00:00, 241 ELM ST, Closed, 0214000373-OF
02/15/2014, THEFT-GREATER-AUTO ACCESSORIES, 02/14/2014, 17:00, 367 CEDAR ST, Closed, 0214000374-OF
02/15/2014, THEFT-RESIDENCE, 02/14/2014, 22:30, 397 CROWN ST, Closed, 0114007752-OF
02/16/2014, THEFT-GREATER-PUBLIC BUILDING, 02/16/2014, 01:42, 35 HIGH ST, Open, 0114007823-OF
02/17/2014, CRIMINAL MISCHIEF-PRIVATE PROPERTY, 02/13/2014, 17:00, 330 COLLEGE ST, Closed, 0214000391-OF
02/17/2014, SIMPLE ASSAULT, 02/17/2014, 19:28, 104 LAKE PL, Closed by Arrest, 0214000396-OF
02/17/2014, THEFT-GREATER-PUBLIC BUILDING, 02/17/2014, 20:29, 70 TOWER PKY, Open, 0214000398-OF
02/19/2014, SEX ASSAULT-FORCIBLE, 02/02/2014, 00:01, 31 HIGH ST, Open, 14-4-OF
02/20/2014, THEFT-GREATER-PUBLIC BUILDING, 02/20/2014, 15:27, 55 LOCK ST, Closed, 0214000420-OF
02/21/2014, WINDOW BREAKING, 02/21/2014, 00:32, 80 HIGH ST, Closed, 0214000423-OF
02/21/2014, SEX ASSAULT-FORCIBLE, 02/08/2014, 00:01, 31 HIGH ST, Closed, 14-5-OF
02/22/2014, CRIMINAL MISCHIEF-PRIVATE PROPERTY, 02/22/2014, 02:09, 261 PARK ST, Open, 0214000435-OF
02/22/2014, DRIVING WHILE INTOXICATED-ALCOHOL, 02/22/2014, 01:22, 66 ASHMUN ST, Closed by Arrest, 0114008825-OF
02/23/2014, MYSTERIOUS LOSS OF MONEY, 02/14/2014, 00:01, 189 ELM ST, Open, 0214000448-OF
02/23/2014, BURGLARY-NOTHING TAKEN, 02/23/2014, 15:54, YORK ST, Closed by Arrest, 0114009084-OF
02/24/2014, HARASSMENT, 02/24/2014, 20:42, 77 BROADWAY ST, Closed by Arrest, 0114009317-OF
02/25/2014, THEFT UNIVERSITY RESIDENCE BUILDING, 02/24/2014, 10:15, 206 ELM ST, Closed, 0214000457-OF
02/23/2014, BREACH OF PEACE, 02/23/2014, 01:48, BROADWAY, Closed, 0114009026-OF
02/26/2014, THEFT UNIVERSITY ACADEMIC BUILDING, 02/26/2014, 13:50, 451 COLLEGE ST, Open, 0214000461-OF
02/27/2014, DRIVING WHILE INTOXICATED-ALCOHOL, 02/27/2014, 01:51, 281 TEMPLE ST, Closed by Arrest, 0114009688-OF
02/26/2014, HARASSMENT, 02/26/2014, 11:08, 846 ORANGE ST, Open, 0114009540-OF
03/01/2014, DRIVING WHILE INTOXICATED-DRUGS, 03/01/2014, 03:07, 208 ELM ST, Closed by Arrest, 0114010021-OF
03/02/2014, OTHER INVESTIGATION, 03/02/2014, 20:11, 1227 CHAPEL ST, Closed, 0114010350-OF
03/03/2014, THEFT GREATER MISCELLANEOUS, 03/03/2014, 10:53, 15 YORK ST, Closed, 0214000502-OF
03/02/2014, OTHER INVESTIGATION, 03/02/2014, 20:11, 1227 CHAPEL ST, Closed, 0114010350-OF
03/03/2014, SEX ASSAULT-FORCIBLE, 02/22/2014, 00:01, CAMPUS RESIDENTIAL BLDG, Open, 14-6-OF
03/03/2014, THEFT-GREATER-RESIDENCE, 03/03/2014, 17:10, 125 MANSFIELD ST, Closed, 0214000504-OF
03/03/2014, ILLEGAL POSSESSION OF A WEAPON, 03/03/2014, 20:18, 141 GEORGE ST, Closed by Arrest, 0114010504-OF
03/03/2014, WANTED PERSON OTHER TOWN, 03/03/2014, 20:18, 141 GEORGE ST, Closed by Arrest, 0114010510-OF
03/04/2014, DRIVING WHILE INTOXICATED-ALCOHOL, 03/04/2014, 01:05, 1 WHALLEY AVE, Closed by Arrest, 0114010530-OF
03/04/2014, THEFT-PUBLIC BUILDING, 03/04/2014, 04:57, 319 CROWN ST, Closed by Arrest, 0114010535-OF
03/04/2014, THEFT UNIVERSITY ACADEMIC BUILDING, 03/03/2014, 16:30, 367 CEDAR ST, Closed, 0214000509-OF
03/04/2014, POSSESSION OF NARCOTICS-GENERAL, 03/04/2014, 22:16, 119 ELM ST, Closed, 0114010696-OF
03/02/2014, THEFT-BICYCLE, 03/01/2014, 23:00, 206 ELM ST, Open, 0214000500-OF
03/06/2014, BURGLARY-NOTHING TAKEN, 03/05/2014, 17:00, 35 BROADWAY ST, Open, 0214000517-OF
01/17/2014, CRIMINAL MISCHIEF-PRIVATE PROPERTY, 01/16/2014, 17:00, 242 ELM ST, Open, 0214000135-OF
03/06/2014, DISORDERLY CONDUCT, 03/01/2014, 00:01, CAMPUS RESIDENTIAL BLDG, Closed, 14-9-OF
03/06/2014, THEFT UNIVERSITY RESIDENCE BUILDING, 03/06/2014, 00:05, 358 COLLEGE ST, Open, 0214000522-OF
03/06/2014, THEFT UNIVERSITY ACADEMIC BUILDING, 03/05/2014, 18:19, 205 ELM ST, Closed, 0214000523-OF
03/06/2014, THEFT OF CREDIT CARDS, 03/06/2014, 17:10, CHURCH ST, Open, 0114011029-OF
03/06/2014, TRESPASSING, 03/06/2014, 20:44, 110 WALL ST, Closed by Arrest, 0214000524-OF
03/07/2014, CONFIDENCE-FLIM FLAM, 03/07/2014, 09:20, 132 WALL ST, Open, 0214000531-OF
03/07/2014, THEFT-GREATER-UNIVERSITY ACADEMIC BUILDING, 09/12/2013, 13:00, 127 HIGH ST, Open, 0214000535-OF
03/08/2014, FRAUD, 03/08/2014, 15:25, 19 TOWER PKY, Closed, 0214000550-OF
03/10/2014, CRIMINAL MISCHIEF-PRIVATE PROPERTY, 03/09/2014, 23:55, 255 YORK ST, Open, 0214000560-OF
03/10/2014, DISPUTE-NO DISTURBANCE, 03/10/2014, 23:45, 107 WASHINGTON AVE, Closed, 0114011741-OF
03/10/2014, DISPUTE-NO DISTURBANCE, 03/10/2014, 23:45, 107 WASHINGTON AVE, Closed, 0114011741-OF
03/11/2014, CRIMINAL MISCHIEF-PRIVATE PROPERTY, 03/11/2014, 07:30, 63 HIGH ST, Closed, 0214000565-OF
03/11/2014, THEFT-GREATER-BICYCLES, 03/11/2014, 16:52, 206 ELM ST, Closed, 0214000568-OF
03/11/2014, OTHER LIQUOR OFFENSES, 03/11/2014, 21:48, 1071 CHAPEL ST, Closed by Arrest, 0114011895-OF
03/12/2014, CRIMINAL MISCHIEF-PRIVATE PROPERTY, 03/12/2014, 02:24, 1035 CHAPEL ST, Open, 0214000573-OF
03/11/2014, THEFT-GREATER-UNIVERSITY RESIDENCE BUILDING, 03/11/2014, 12:30, 241 ELM ST, Open, 0214000566-OF
01/09/2014, HARASSMENT, 01/03/2014, 09:06, 400 W CAMPUS DR, Open, 0214000073-OF
03/13/2014, THEFT-GREATER-FROM MOTOR VEHICLE, 03/13/2014, 17:00, 270 CONGRESS AVE, Closed, 0214000587-OF
03/14/2014, BURGLARY-SCHOOL/COLLEGE /UNIVERSITY-NON FORCIBLE, 03/14/2014, 12:30, 205 ELM ST, Closed by Arrest, 0214000593-OF
03/14/2014, HARASSMENT, 03/14/2014, 14:55, 19 TOWER PKY, Closed, 0214000595-OF
03/14/2014, THEFT-GREATER-FROM MOTOR VEHICLE, 03/14/2014, 17:50, 790 HOWARD AVE, Closed, 0214000598-OF
03/14/2014, POSSESSION OF ALCOHOL BY A MINOR, 03/14/2014, 23:21, 66 ASHMUN ST, Closed by Arrest, 0214000601-OF
03/15/2014, DISPUTE-NO DISTURBANCE, 03/15/2014, 02:05, 67 HOWE ST, Closed, 0114012467-OF
03/15/2014, THEFT FROM AUTO, 03/15/2014, 11:50, 264 WASHINGTON AVE, Closed, 0214000603-OF
03/15/2014, THEFT-GREATER-BICYCLES, 03/15/2014, 00:00, 45-47 LAKE PL, Closed, 0214000605-OF
03/16/2014, BREACH OF PEACE, 03/16/2014, 00:50, 1111 CHAPEL ST, Open, 0214000610-OF
03/17/2014, THEFT-GREATER-UNIVERSITY ACADEMIC BUILDING, 03/13/2014, 17:30, 1 LONG WHARF DR, Open, 0214000617-OF
03/17/2014, THEFT-GREATER-FROM MOTOR VEHICLE, 03/17/2014, 16:12, 790 HOWARD AVE, Closed by Arrest, 0214000623-OF
03/17/2014, THEFT-GREATER-FROM MOTOR VEHICLE, 03/17/2014, 15:27, 790 HOWARD AVE, Closed by Arrest, 0214000622-OF
03/17/2014, TAMPERING WITH A MOTOR VEHICLE, 03/17/2014, 16:03, 790 HOWARD AVE, Closed by Arrest, 0214000624-OF
03/17/2014, WARRANT SERVICE, 03/17/2014, 22:07, HOWARD ST, Closed by Arrest, 0113048844-OF
03/18/2014, ASSAULT-WEAPON-NON FIREARM, 03/18/2014, 17:14, 925 CHAPEL ST, Closed by Arrest, 0114013085-OF
03/18/2014, THEFT UNIVERSITY ACADEMIC BUILDING, 03/18/2014, 16:23, 110 WALL ST, Closed, 0214000631-OF
03/19/2014, THEFT-GREATER-UNIVERSITY ACADEMIC BUILDING, 12/21/2013, 07:00, 60 SACHEM ST, Open, 0214000634-OF
03/19/2014, THEFT-GREATER-UNIVERSITY ACADEMIC BUILDING, 03/17/2014, 12:00, 333 CEDAR ST, Closed, 0214000637-OF
03/19/2014, THEFT-BICYCLE, 03/19/2014, 16:41, 73 SACHEM ST, Closed, 0214000641-OF
03/20/2014, DRIVING WHILE INTOXICATED-ALCOHOL, 03/20/2014, 00:38, BROADWAY ST, Closed by Arrest, 0114013292-OF
03/19/2014, THEFT-BICYCLE, 03/19/2014, 13:48, 291 MANSFIELD ST, Closed by Arrest, 0214000640-OF
03/21/2014, BURGLARY-ATTEMPT, 03/21/2014, 09:00, 87 TRUMBULL ST, Closed, 0214000649-OF
03/21/2014, CONFIDENCE-FLIM FLAM, 03/21/2014, 16:29, 2 WHITNEY AVE, Closed, 0214000654-OF
03/21/2014, HARASSMENT, 03/21/2014, 19:44, 165 GOFFE ST, Open, 0214000656-OF
03/22/2014, DRIVING WHILE INTOXICATED-ALCOHOL, 03/22/2014, 02:27, 30 NORTH FRONTAGE RD, Closed by Arrest, 0114013670-OF
03/22/2014, DISORDERLY CONDUCT, 03/22/2014, 04:13, 31 FOUNTAIN TER, Open, 01040013674-OF
03/22/2014, THEFT GREATER SHOPLIFTING, 03/22/2014, 19:12, 43 BROADWAY ST, Closed by Arrest, 0114013781-OF
03/22/2014, DISORDERLY CONDUCT, 03/22/2014, 04:13, FOUNTAIN ST, Closed by Arrest, 0114013674-OF
03/24/2014, HARASSMENT, 03/15/2014, 08:00, 100 WALL ST, Closed, 0214000671-OF
03/24/2014, THEFT-GREATER-UNIVERSITY ACADEMIC BUILDING, 03/24/2014, 11:09, 225 PROSPECT ST, Closed, 0214000673-OF
03/24/2014, THEFT OF CREDIT CARDS, 03/24/2014, 15:33, 74 HIGH ST, Closed, 0214000675-OF
03/25/2014, THEFT-GREATER-UNIVERSITY RESIDENCE BUILDING, 03/25/2014, 00:30, 241 ELM ST, Open, 0214000680-OF
03/25/2014, THEFT-GREATER-UNIVERSITY RESIDENCE BUILDING, 03/25/2014, 09:53, 210 PARK ST, Open, 0214000679-OF
03/21/2014, THEFT-GREATER-FROM MOTOR VEHICLE, 03/14/2014, 08:00, 2 HOWE ST, Open, 0114013509-OF
03/26/2014, THEFT-GREATER-UNIVERSITY ACADEMIC BUILDING, 03/26/2014, 11:32, 115 PROSPECT ST, Open, 0214000687-OF
03/26/2014, THEFT UNIVERSITY RESIDENCE BUILDING, 03/26/2014, 14:46, 241 ELM ST, Closed, 0214000688-OF
03/26/2014, THEFT OF CREDIT CARDS, 03/26/2014, 14:44, 34 SACHEM ST, Closed by Arrest, 0114014386-OF
03/26/2014, VIOLATION OR PROTECTIVE OR RESTRAINING ORDER, 03/26/2014, 18:24, 50 WHALLEY AVE, Closed by Arrest, 0114014419-OF
03/27/2014, THEFT-GREATER-FROM MOTOR VEHICLE, 03/27/2014, 00:58, 101 MANSFIELD ST, Open, 0214000689-OF
03/28/2014, DRIVING WHILE INTOXICATED-ALCOHOL, 03/28/2014, 01:06, 281 TEMPLE ST, Closed by Arrest, 0114014662-OF
03/28/2014, CRIMINAL MISCHIEF-PRIVATE PROPERTY, 03/28/2014, 08:35, 347 CANNER ST, Closed, 0214000699-OF
03/29/2014, CRIMINAL MISCHIEF-PRIVATE PROPERTY, 03/29/2014, 02:24, 206 ELM ST, Closed, 0214000706-OF
03/30/2014, WINDOW BREAKING, 03/30/2014, 07:00, 40 ASHMUN ST, Closed, 0214000713-OF
03/31/2014, POSSESSION OF MARIJUANA, 03/12/2014, 15:12, Location, Closed by Arrest, 0214000720-OF
03/28/2014, DISORDERLY CONDUCT, 01/01/2014, 16:45, 261 PARK ST, Closed, 14-10-OF
03/28/2014, THEFT UNIVERSITY ACADEMIC BUILDING, 03/31/2014, 15:25, STATE ST @ HUMPHREY ST, Closed, WHPD2014009027-OF
04/01/2014, WANTED PERSON OTHER TOWN, 04/01/2014, 16:19, 419 ELM ST, Closed by Arrest, 0114015480-OF
04/02/2014, CRIMINAL MISCHIEF-PRIVATE PROPERTY, 04/02/2014, 21:34, 110 WALL ST, Open, 0214000740-OF
04/02/2014, POSSESSION OF MARIJUANA, 04/02/2014, 23:24, TOWER PKY, Closed by Arrest, 0114015780-OF
04/03/2014, BREACH OF PEACE, 04/03/2014, 02:30, 344 WINCHESTER AVE, Closed, 0214000743-OF
04/03/2014, THEFT-GREATER-UNIVERSITY ACADEMIC BUILDING, 03/24/2014, 10:50, 200 SOUTH FRONTAGE RD, Closed, 0214000745-OF
04/03/2014, THREATENING, 04/03/2014, 08:55, 344 WINCHESTER AVE, Closed, 0214000748-OF
04/03/2014, POSSESSION OF MARIJUANA, 04/03/2014, 23:28, 100 TOWER PKY, Closed, 0214000752-OF
04/02/2014, THEFT-GREATER-BICYCLES, 04/02/2014, 11:42, 68 HIGH ST, Closed, 0214000736-OF
04/04/2014, THEFT-GREATER-UNIVERSITY ACADEMIC BUILDING, 04/04/2014, 11:15, 17 HILLHOUSE AVE, Open, 0214000757-OF
04/04/2014, WANTED PERSON OTHER TOWN, 04/04/2014, 19:38, 280 WHITNEY AVE, Closed by Arrest, 0214000763-OF
04/05/2014, BREACH OF PEACE, 04/05/2014, 00:30, 242 ELM ST, Closed by Arrest, 0214000767-OF
04/05/2014, POSSESSION OF DANGEROUS OR CONTROLLED DRUGS, 04/05/2014, 00:57, 225 ASHMUN ST, Closed by Arrest, 0114016235-OF
04/06/2014, BREACH OF PEACE, 04/06/2014, 00:59, 35 HIGH ST, Closed by Arrest, 0114016480-OF
04/06/2014, DRIVING WHILE INTOXICATED-ALCOHOL, 04/06/2014, 01:55, 48 HOWE ST, Closed by Arrest, 0114016497-OF
02/14/2014, WARRANT SERVICE, 02/14/2014, 15:00, ELM ST, Closed by Arrest, 0114007569-OF
04/06/2014, SIMPLE ASSAULT, 04/06/2014, 08:11, YORK ST, Closed, 0114016524-OF
04/07/2014, THEFT UNIVERSITY ACADEMIC BUILDING, 04/01/2014, 17:00, 310 CEDAR ST, Open, 0214000772-OF
04/07/2014, THEFT GREATER SHOPLIFTING, 04/07/2014, 13:31, 51 BROADWAY ST, Closed by Arrest, 0114016745-OF
04/07/2014, ASSAULT-WEAPON-NON FIREARM, 04/07/2014, 20:07, 231 PARK ST, Closed, 0114016805-OF
04/08/2014, DISCHARGING FIREWORKS, 04/08/2014, 01:16, 505 COLLEGE ST, Closed by Arrest, 0114016833-OF
04/08/2014, CREDIT CARD FRAUD, 04/02/2014, 19:30, 205 PARK ST, Open, 0214000781-OF
04/08/2014, SEX ASSAULT-FORCIBLE, 03/01/2014, 00:01, CAMPUS RESIDENTIAL, Open, 0214000787-OF
04/08/2014, OTHER INVESTIGATION, 04/08/2014, 23:25, 127 WALL ST, Closed, 0114016976-OF
04/09/2014, CRIMINAL MISCHIEF-PRIVATE PROPERTY, 04/09/2014, 04:36, 74 HIGH ST, Closed, 0214000790-OF
02/25/2014, HARASSMENT, 02/14/2014, 09:00, 105 WALL ST, Closed, 0214000458-OF
04/09/2014, OTHER INVESTIGATION, 04/09/2014, 17:32, 165 ELM ST, Open, 0214000791-OF
04/09/2014, THEFT-GREATER-UNIVERSITY RESIDENCE BUILDING, 04/09/2014, 21:01, 67 HIGH ST, Closed, 0214000793-OF
04/09/2014, POSSESSION OF MARIJUANA, 04/09/2014, 21:31, 304 YORK ST, Closed, 0214000794-OF
04/10/2014, POSSESSION OF ALCOHOL BY A MINOR, 04/10/2014, 23:48, 68 CHURCH ST, Closed, 0114017350-OF
04/10/2014, THEFT-BICYCLE, 04/10/2014, 11:00, 206 ELM ST, Closed, 0214000800-OF
04/11/2014, THEFT-GREATER-FROM MOTOR VEHICLE-NON AUTO, 12/15/2013, 09:00, 344 WINCHESTER AVE, Closed, 0214000806-OF
04/12/2014, DRIVING WHILE INTOXICATED-ALCOHOL, 04/12/2014, 02:37, 289 CROWN ST, Closed by Arrest, 0114017598-OF
04/12/2014, DISPUTE-NO DISTURBANCE, 04/12/2014, 14:19, 475 COLLEGE ST, Closed, 0214000816-OF
04/13/2014, HARASSMENT, 04/13/2014, 02:52, 37 LYNWOOD PL, Closed, 0114017821-OF
04/12/2014, TRESPASSING, 04/12/2014, 06:36, 10 AMISTAD ST, Closed, 0214000813-OF
04/13/2014, THEFT GREATER MISCELLANEOUS, 04/13/2014, 10:00, 120 HIGH ST, Open, 0214000823-OF
04/13/2014, THEFT-GREATER-BICYCLES, 04/11/2014, 20:00, 74 HIGH ST, Closed, 0114017928-OF
04/13/2014, BURGLARY-COMMERCIAL-FO RCIBLE, 04/13/2014, 19:30, 1032 CHAPEL ST, Closed, 0214000826-OF
04/14/2014, BURGLARY-NOTHING TAKEN, 04/14/2014, 10:28, 250 CHURCH ST, Open, 0214000836-OF
04/14/2014, THEFT-GREATER-UNIVERSITY ACADEMIC BUILDING, 04/09/2014, 15:00, 304 YORK ST, Open, 0214000840-OF
04/14/2014, THEFT-GREATER-UNIVERSITY ACADEMIC BUILDING, 04/10/2014, 12:00, 800 HOWARD AVE, Open, 0214000841-OF
04/14/2014, CRIMINAL MISCHIEF-PRIVATE PROPERTY, 04/10/2014, 20:00, 344 COLLEGE ST, Open, 0214000842-OF
04/14/2014, THEFT-GREATER-UNIVERSITY RESIDENCE BUILDING, 04/14/2014, 16:29, 367 CEDAR ST, Closed, 0214000845-OF
04/14/2014, THEFT-GREATER-UNIVERSITY ACADEMIC BUILDING, 04/14/2014, 10:39, 15 PROSPECT ST, Closed, 0214000839-OF
04/15/2014, THEFT-BICYCLE, 04/12/2014, 23:59, 242 ELM ST, Closed, 0214000855-OF
04/15/2014, THEFT UNIVERSITY ACADEMIC BUILDING, 04/15/2014, 16:27, 272 WHITNEY AVE, Closed, 0214000859-OF
04/16/2014, THEFT-RESIDENCE, 04/16/2014, 00:53, 23 LAKE PL, Closed, 0114018268-OF
04/15/2014, SEXUAL CONTACT FORCIBLE OR WITHOUT CONSENT, 02/28/2014, 00:01, OFF CAMPUS, Closed, 14-11-OF
04/08/2014, BURGLARY-SCHOOL/COLLEGE /UNIVERSITY-NON FORCIBLE, 03/14/2014, 10:37, 205 ELM ST, Open, 0214000778-OF
04/15/2014, SEXUAL CONTACT FORCIBLE OR WITHOUT CONSENT, 02/06/2011, 00:01, ON CAMPUS, Closed, 14-12-OF
04/16/2014, THEFT-GREATER-UNIVERSITY ACADEMIC BUILDING, 04/16/2014, 16:28, 800 HOWARD AVE, Closed, 0214000872-OF
04/17/2014, DRIVING WHILE INTOXICATED-ALCOHOL, 04/17/2014, 01:30, 97 HIGH ST, Closed by Arrest, 0114018414-OF
04/17/2014, THEFT UNIVERSITY ACADEMIC BUILDING, 04/03/2014, 16:00, 75 CENTRAL AVE, Closed, 0214000874-OF
04/17/2014, WANTED PERSON NEW HAVEN, 04/17/2014, 10:37, 319 MANSFIELD ST, Closed by Arrest, 0114005366-OF
04/18/2014, BREACH OF PEACE, 04/18/2014, 07:48, 67 HIGH ST, Closed by Arrest, 0214000881-OF
04/19/2014, POSSESSION OF MARIJUANA, 04/19/2014, 21:23, 1178 CHAPEL ST, Closed, 0114018906-OF
04/19/2014, DISORDERLY CONDUCT, 04/19/2014, 21:42, 300 COLLEGE ST, Closed, 0214000895-OF
04/19/2014, FORGERY OF GOVERNMENT INSTRUMENTS, 04/19/2014, 23:59, 31 DIXWELL AVE, Closed by Arrest, 0114018939-OF
04/19/2014, DRIVING WHILE INTOXICATED-ALCOHOL, 04/19/2014, 23:50, 150 YORK ST, Closed by Arrest, 0214000896-OF
04/20/2014, TRESPASSING, 04/20/2014, 01:54, 261 PARK ST, Closed, 0214000900-OF
04/20/2014, CRIMINAL MISCHIEF-PUBLIC PROPERTY, 04/20/2014, 19:20, 40 ASHMUN ST, Open, 0214000905-OF
04/20/2014, THEFT-GREATER-UNIVERSITY RESIDENCE BUILDING, 04/20/2014, 19:12, 19 TOWER PKY, Closed, 0214000906-OF
04/20/2014, POSSESSION OF MARIJUANA, 04/20/2014, 22:16, 66 ASHMUN ST, Closed, 0214000908-OF
Date Reported, TRESPASSING, Date Occurred, 00:38, 227 GROVE ST, Open, 0114019480-OF
04/23/2014, OTHER INVESTIGATION, 04/23/2014, 08:40, 800 HOWARD AVE, Closed, 0214000926-OF
04/23/2014, THEFT-GREATER-UNIVERSITY ACADEMIC BUILDING, 04/23/2014, 17:00, 230 SOUTH FRONTAGE RD, Closed, 0214000927-OF
04/23/2014, SEX ASSAULT-FORCIBLE, 04/17/2014, 00:01, CAMPUS RESIDENTIAL BUILDI, Closed, 14-14-OF
04/21/2014, SEX ASSAULT-FORCIBLE, 04/01/2013, 00:00, OFF CAMPUS, Closed, 14-15-OF
04/21/2014, DISPUTE-NO DISTURBANCE, 04/01/2014, 16:02, 40 TEMPLE ST, Open, 0214000930-OF
04/24/2014, POSSESSION OF MARIJUANA, 04/24/2014, 01:19, 1226 CHAPEL ST, Closed by Arrest, 0114019650-OF
04/24/2014, DRIVING WHILE INTOXICATED-ALCOHOL, 04/24/2014, 01:53, 1 SACHEM ST, Closed by Arrest, 0114019651-OF
04/24/2014, OPERATING MOTOR VEHICLE WITHOUT OWNER'S, 04/24/2014, 13:49, 319 CROWN ST, Open, 0214000944-OF
02/04/2014, OTHER INVESTIGATION, 07/01/2013, 11:38, 60 COLLEGE ST, Closed, 0214000285-OF
04/24/2014, SEX ASSAULT W/O CONSENT, 03/22/2013, 00:01, CAMPUS RESIDENTIAL BLDG, Closed, 14-16-OF
04/24/2014, THREATENING, 04/24/2014, 18:18, 189 ELM ST, Open, 0214000946-OF
04/25/2014, POSSESSION OF MARIJUANA, 04/25/2014, 01:24, 185 ELM ST, Closed by Arrest, 0114019854-OF
04/25/2014, HARASSMENT, 04/21/2014, 08:00, 121 WALL ST, Closed, 0214000948-OF
04/24/2014, SEX ASSAULT-FORCIBLE, 09/01/2012, 00:01, UNKNOWN, Closed, 14-17-OF
04/25/2014, THEFT-GREATER-PUBLIC BUILDING, 04/25/2014, 14:46, 1080 CHAPEL ST, Open, 0214000950-OF
04/25/2014, THEFT-GREATER-UNIVERSITY ACADEMIC BUILDING, 04/25/2014, 15:01, 300 CEDAR ST, Open, 0214000952-OF
04/25/2014, THEFT-GREATER-UNIVERSITY ACADEMIC BUILDING, 04/15/2014, 14:39, 789 HOWARD AVE, Open, 0214000953-OF
04/26/2014, BREACH OF PEACE, 04/26/2014, 01:14, 327 GEORGE ST, Closed by Arrest, 0114020063-OF
04/26/2014, TRESPASSING, 04/26/2014, 02:22, 74 HIGH ST, Closed by Arrest, 0214000957-OF
04/26/2014, THEFT GREATER MISCELLANEOUS, 04/26/2014, 11:00, 70 TOWER PKWY, Closed, 0214000959-OF
04/26/2014, CRIMINAL MISCHIEF-PRIVATE PROPERTY, 04/26/2014, 19:07, 206 ELM ST, Closed, 0214000969-OF
04/26/2014, OTHER INVESTIGATION, 04/26/2014, 22:07, 365 TEMPLE ST, Closed, 0114020254-OF
04/27/2014, HARASSMENT, 04/27/2014, 07:40, 505 COLLEGE ST, Closed, 0214000976-OF
04/28/2014, POSSESSION OF HEROIN, 04/28/2014, 01:20, 18 TOWER LN, Closed by Arrest, 0114020454-OF
04/28/2014, RESIDENCE BUILDING, 04/28/2014, 16:00, 344 COLLEGE ST, Closed, 0214000980-OF
04/28/2014, BURGLARY-SCHOOL/COLLEGE /UNIVERSITY-NON FORCIBLE, 04/28/2014, 15:28, 409 PROSPECT ST, Closed, 0214000983-OF
04/28/2014, RESIDENCE BUILDING, 04/28/2014, 15:50, 29 TOWER PKWY, Closed, 0214000984-OF
04/29/2014, SIMPLE ASSAULT, 04/29/2014, 01:27, WALL ST, Closed, 0114020613-OF
04/29/2014, BREACH OF PEACE, 04/29/2014, 03:00, 345 TEMPLE ST, Closed, 0214000987-OF
04/29/2014, BREACH OF PEACE, 04/29/2014, 22:45, 248 YORK ST, Closed by Arrest, 0214001000-OF
04/30/2014, THEFT-GREATER-FROM MOTOR VEHICLE, 04/29/2014, 08:30, 579 PROSPECT ST, Open, 0214001006-OF
04/30/2014, THEFT-BICYCLE, 04/30/2014, 12:40, 189 ELM ST, Closed, 0214001008-OF
Date Reported, POSSESSION OF DANGEROUS OR CONTROLLED DRUGS, Date Occurred, 04:24, 198 ELM ST, Closed, 0214000712-OF
03/30/2014, OTHER MISCELLANEOUS, 04/30/2014, 11:31, 125 MANSFIELD ST, Open, 0214001019-OF
05/02/2014, CRIMINAL MISCHIEF-PRIVATE PROPERTY, 05/02/2014, 01:45, 241 ELM ST, Closed, 0214001027-OF
05/02/2014, DRIVING WHILE INTOXICATED-ALCOHOL, 05/02/2014, 01:06, HOWE ST, Closed by Arrest, 0114021129-OF
05/02/2014, THEFT-GREATER-FROM PERSON, 05/02/2014, 18:19, 1265 CHAPEL ST, Closed by Arrest, 0114021256-OF
05/02/2014, HARASSMENT, 05/02/2014, 14:17, 55 LOCK ST, Closed, 0214001030-OF
05/04/2014, FORGERY-OTHER (CHECKS, MOTOR VEHICLE, 05/04/2014, 02:11, ELM ST, Closed by Arrest, 0114021601-OF
05/04/2014, POSSESSION OF MARIJUANA, 05/04/2014, 23:45, ELM ST, Closed, 0114021747-OF
05/05/2014, DRIVING WHILE INTOXICATED-ALCOHOL, 05/05/2014, 01:16, ELM ST, Closed by Arrest, 0114021753-OF
05/05/2014, THEFT-GREATER-UNIVERSITY ACADEMIC BUILDING, 05/03/2014, 12:00, 20 YORK ST, Open, 0214001045-OF
05/05/2014, THEFT-GREATER-UNIVERSITY RESIDENCE BUILDING, 05/05/2014, 15:10, 345 TEMPLE ST, Closed, 0214001049-OF
05/05/2014, HARASSMENT, 05/05/2014, 16:53, 55 LOCK ST, Closed, 0214001052-OF
05/05/2014, THEFT-GREATER-UNIVERSITY ACADEMIC BUILDING, 05/05/2014, 15:27, 1156 CHAPEL ST, Open, 0214001050-OF
05/05/2014, POSSESSION OF MARIJUANA, 05/05/2014, 18:45, 925 CHAPEL ST, Closed by Arrest, 0114021877-OF
05/06/2014, TRESPASSING, 05/06/2014, 14:01, 345 EDWARDS ST, Closed by Arrest, 0214001068-OF
05/05/2014, THEFT-GREATER-UNIVERSITY ACADEMIC BUILDING, 05/05/2014, 20:11, 1156 CHAPEL ST, Closed, 0214001055-OF
05/06/2014, POSSESSION OF MARIJUANA, 05/06/2014, 15:11, 139 ASHMUN ST, Closed by Arrest, 0114022009-OF
05/05/2014, THEFT-GREATER-UNIVERSITY ACADEMIC BUILDING, 05/05/2014, 20:26, 1156 CHAPEL ST, Closed, 0214001056-OF
05/06/2014, DISPUTE-NO DISTURBANCE, 05/06/2014, 17:46, 55 LOCK ST, Closed, 0214001070-OF
05/07/2014, THEFT-GREATER-UNIVERSITY RESIDENCE BUILDING, 05/07/2014, 10:19, 206 ELM ST, Closed, 0214001072-OF
05/07/2014, THEFT-GREATER-UNIVERSITY RESIDENCE BUILDING, 05/07/2014, 11:23, 74 HIGH ST, Closed, 0214001074-OF
05/07/2014, THEFT-GREATER-UNIVERSITY RESIDENCE BUILDING, 05/07/2014, 14:39, 1035 CHAPEL ST, Closed, 0214001075-OF
05/07/2014, THEFT-GREATER-UNIVERSITY RESIDENCE BUILDING, 05/07/2014, 17:22, 345 TEMPLE ST, Closed, 0114022183-OF
05/07/2014, THEFT-GREATER-UNIVERSITY RESIDENCE BUILDING, 05/07/2014, 19:19, 100 TOWER PKY, Closed, 0214001080-OF
05/07/2014, POSSESSION OF NARCOTICS-GENERAL, 05/07/2014, 20:28, DIXWELL AVE, Closed by Arrest, 0114022220-OF
05/07/2014, THEFT-GREATER-UNIVERSITY RESIDENCE BUILDING, 05/07/2014, 21:36, 198 ELM ST, Closed, 0214001081-OF
05/08/2014, HARASSMENT, 05/08/2014, 09:24, 37 COLLEGE ST, Open, 0214001082-OF
05/08/2014, BREACH OF PEACE, 05/07/2014, 11:31, 55 PROSPECT ST, Closed, 0214001085-OF
05/08/2014, DISORDERLY CONDUCT, 05/08/2014, 15:46, 800 HOWARD AVE, Closed, 0114022329-OF
05/08/2014, POSSESSION OF DANGEROUS OR CONTROLLED DRUGS, 05/08/2014, 18:50, 250 TEMPLE ST, Closed by Arrest, 0114022388-OF
05/08/2014, WARRANT SERVICE, 05/08/2014, 18:50, 150 TEMPLE ST, Closed by Arrest, 0114010916-OF
05/09/2014, DISPUTE-NO DISTURBANCE, 05/09/2014, 00:15, 344 COLLEGE ST, Closed, 0214001091-OF
05/09/2014, BURGLARY-RESIDENCE-NON FORCIBLE, 05/09/2014, 15:23, 248 YORK ST, Closed, 0214001097-OF
05/09/2014, BURGLARY-SCHOOL/COLLEGE /UNIVERSITY-NON FORCIBLE, 05/09/2014, 16:36, 219 PROSPECT ST, Closed, 0214001099-OF
05/09/2014, POSSESSION OF ALCOHOL BY A MINOR, 05/09/2014, 23:06, 66 ASHMUN ST, Closed by Arrest, 0214001102-OF
05/09/2014, THEFT-BICYCLE, 05/09/2014, 23:50, 110 WALL ST, Closed, 0214001103-OF
05/10/2014, THEFT-GREATER-UNIVERSITY RESIDENCE BUILDING, 05/10/2014, 20:03, 248 YORK ST, Closed, 0214001108-OF
05/11/2014, POSSESSION OF MARIJUANA, 05/11/2014, 01:12, 97 HIGH ST, Closed by Arrest, 0114022815-OF
05/11/2014, CRIMINAL MISCHIEF-PRIVATE PROPERTY, 05/10/2014, 12:00, 251 DERBY AVE, Closed, 0214001110-OF
05/11/2014, INTERFERING WITH AN OFFICER, 05/11/2014, 06:27, 97 HIGH ST, Closed by Arrest, 0114022832-OF
05/11/2014, THEFT-BICYCLE, 05/10/2014, 19:00, 386 PROSPECT ST, Open, 0214001112-OF
05/11/2014, BURGLARY-RESIDENCE-NON FORCIBLE, 05/06/2014, 08:00, 248 YORK ST, Closed, 0214001113-OF
05/12/2014, ROBBERY-STRT-NO WEAPON, 05/11/2014, 23:50, 97 WALL ST, Open, 0214001115-OF
05/12/2014, THEFT-GREATER-UNIVERSITY RESIDENCE BUILDING, 05/12/2014, 12:00, 189 ELM ST, Closed, 0214001120-OF
05/12/2014, THEFT-GREATER-ATTEMPTED, 05/12/2014, 12:55, 219 PROSPECT ST, Closed, 0214001121-OF
05/12/2014, CRIMINAL MISCHIEF-PRIVATE PROPERTY, 05/12/2014, 21:58, 71 WALL ST, Closed, 0214001126-OF
05/12/2014, SEX ASSAULT-FORCIBLE, 11/08/2013, 00:00, CAMPUS RESIDENTIAL BLDG, Open, 14-20-OF
05/13/2014, THREATENING, 05/13/2014, 15:04, 789 HOWARD AVE, Closed, 0214001132-OF
05/14/2014, POSSESSION OF NARCOTICS-GENERAL, 05/14/2014, 00:00, 998 CHAPEL ST, Closed by Arrest, 0114023335-OF
05/14/2014, WARRANT SERVICE, 05/14/2014, 05:08, 964 CHAPEL ST, Closed by Arrest, 0107024250-OF
05/14/2014, BREACH OF PEACE, 05/14/2014, 18:25, 185 ELM ST, Closed by Arrest, 0114023467-OF
05/14/2014, CARRYING A CONCEALED WEAPON, 05/14/2014, 18:36, 30 NORTH FRONTAGE RD, Closed by Arrest, 0114023470-OF
05/14/2014, THEFT-GREATER-UNIVERSITY ACADEMIC BUILDING, 05/14/2014, 20:41, 168 GROVE ST, Closed, 0214001142-OF
05/14/2014, SEX ASSAULT-FORCIBLE, 04/26/2014, 00:01, CAMPUS RESIDENTIAL BLDG, Closed, 14-21-OF
05/15/2014, THEFT GREATER MISCELLANEOUS, 05/06/2014, 13:00, 201 ELM ST, Open, 0214001154-OF
05/16/2014, MANUFACTURE OR POSSESSION OF BURGLARY, 05/16/2014, 00:48, 300 GEORGE ST, Closed by Arrest, 0114023724-OF
05/16/2014, THEFT GREATER MISCELLANEOUS, 05/16/2014, 11:00, 367 CEDAR ST, Closed, 0214001158-OF
05/16/2014, THEFT-GREATER-BICYCLES, 05/16/2014, 16:04, 205 ELM ST, Open, 0214001159-OF
05/18/2014, WINDOW BREAKING, 05/18/2014, 08:45, 257 GROVE ST, Closed, 0114024147-OF
05/18/2014, BREACH OF PEACE, 05/18/2014, 15:12, 219 PROSPECT ST, Closed, 0214001167-OF
05/18/2014, THEFT-GREATER-ATTEMPTED, 05/18/2014, 21:08, 53 BROADWAY ST, Closed, 0114024229-OF
05/18/2014, POSSESSION OF NARCOTICS-GENERAL, 05/18/2014, 18:06, PARK ST, Closed by Arrest, 0114024208-OF
05/19/2014, THEFT-GREATER-UNIVERSITY ACADEMIC BUILDING, 05/19/2014, 15:17, 409 PROSPECT ST, Closed, 0214001175-OF
05/21/2014, POSSESSION OF NARCOTICS-GENERAL, 05/21/2014, 00:26, 84 HOWE ST, Closed, 0114024636-OF
05/21/2014, THEFT-BICYCLE, 05/21/2014, 12:33, 34 HILLHOUSE AVE, Open, 0214001197-OF
05/21/2014, HARASSMENT, 05/21/2014, 17:11, 222 YORK ST, Closed, 0114024778-OF
05/22/2014, TRESPASSING, 05/22/2014, 09:00, 70 TOWER PKY, Closed by Arrest, 0214001202-OF
05/22/2014, BURGLARY-OTHER-NON FORCIBLE, 05/22/2014, 09:47, 76 ASHMUN ST, Closed by Arrest, 0114024946-OF
05/22/2014, TRESPASSING, 05/22/2014, 11:59, 344 WINCHESTER AVE, Closed, 0214001209-OF
05/22/2014, SIMPLE ASSAULT, 05/22/2014, 11:21, 320 YORK ST, Closed by Arrest, 0214001211-OF
05/22/2014, BURGLARY-SCHOOL/COLLEGE /UNIVERSITY-NON FORCIBLE, 05/22/2014, 16:31, 301 PROSPECT ST, Closed, 0214001214-OF
05/23/2014, TRESPASSING, 05/23/2014, 12:30, 344 WINCHESTER AVE, Closed, 0124001209-OF
05/23/2014, THEFT-GREATER-BICYCLES, 05/23/2014, 17:06, 15 PROSPECT ST, Closed, 0214001218-OF
05/24/2014, WARRANT SERVICE, 05/24/2014, 02:24, 114 GOFFE ST, Closed by Arrest, 0113039315-OF
05/24/2014, THEFT-GREATER-UNIVERSITY ACADEMIC BUILDING, 05/24/2014, 17:00, 67 HIGH ST, Open, 0214001226-OF
05/24/2014, BREACH OF PEACE, 05/24/2014, 23:28, 36 HIGH ST, Closed by Arrest, 0114025683-OF
05/25/2014, DRIVING WHILE INTOXICATED-ALCOHOL, 05/25/2014, 04:03, 1 WHALLEY AVE, Closed by Arrest, 0114025718-OF
05/25/2014, THEFT-GREATER-BICYCLES, 05/25/2014, 15:36, 451 COLLEGE ST, Open, 0114025772-OF
05/25/2014, OTHER INVESTIGATION, 05/25/2014, 16:45, 206 ELM ST, Closed, 0214001229-OF
05/25/2014, ROBBERY-STRT-FIREARM, 05/25/2014, 22:41, 65 DWIGHT ST, Open, 0114025872-OF
05/27/2014, CRIMINAL MISCHIEF-PRIVATE PROPERTY, 05/27/2014, 05:11, 300 CEDAR ST, Closed, 0214001235-OF
05/27/2014, HARASSMENT, 05/24/2014, 15:37, 225 PROSPECT ST, Open, 0214001239-OF
05/27/2014, HARASSMENT, 05/27/2014, 10:46, 221 WHITNEY AVE, Open, 0214001240-OF
05/28/2014, THEFT-GREATER-UNIVERSITY ACADEMIC BUILDING, 05/14/2014, 09:00, 27 HILLHOUSE AVE, Open, 0214001246-OF
05/28/2014, DISORDERLY CONDUCT, 05/28/2014, 16:00, 425 GEORGE ST, Closed by Arrest, 0114026336-OF
05/28/2014, THEFT-GREATER-RESIDENCE, 03/29/2014, 09:00, 224 PARK ST, Closed, 0214001249-OF
05/28/2014, BREACH OF PEACE, 05/28/2014, 19:42, 370 MANSFIELD ST, Closed by Arrest, 0114026408-OF
05/28/2014, BREACH OF PEACE, 05/28/2014, 22:22, 99 TOWER PKY, Closed by Arrest, 0214001251-OF
05/29/2014, HARASSMENT, 05/29/2014, 09:02, 344 WINCHESTER AVE, Closed, 0214001255-OF
05/29/2014, BURGLARY-SCHOOL/COLLEGE /UNIVERSITY-NON FORCIBLE, 05/29/2014, 16:05, 301 PROSPECT ST, Open, 0214001261-OF
05/29/2014, WANTED PERSON OTHER TOWN, 05/29/2014, 21:53, 1126 CHAPEL ST, Closed by Arrest, 0114026659-OF
05/30/2014, TRESPASSING, 05/30/2014, 00:49, 143 ELM ST, Closed, 0214001264-OF
05/30/2014, TRESPASSING, 05/30/2014, 11:21, 15 YORK ST, Closed, 0214001267-OF
05/30/2014, BURGLARY-SCHOOL/COLLEGE /UNIVERSITY-NON FORCIBLE, 05/30/2014, 16:12, 266 WHITNEY AVE, Open, 0214001270-OF
05/30/2014, TRESPASSING, 05/30/2014, 20:08, 70 TOWER PKY, Open, 0214001273-OF
05/31/2014, TRESPASSING, 05/31/2014, 16:49, 1140 CHAPEL ST, Closed by Arrest, 0114027102-OF
06/01/2014, THEFT FROM AUTO, 05/25/2014, 18:00, 291 MANSFIELD ST, Open, 0214001279-OF
06/02/2014, THEFT-GREATER-UNIVERSITY RESIDENCE BUILDING, 06/02/2014, 17:04, 302 YORK ST, Closed, 0214001290-OF
06/02/2014, WANTED PERSON OTHER TOWN, 06/02/2014, 19:48, 55 LOCK ST, Closed by Arrest, 0114027503-OF
06/02/2014, DISORDERLY CONDUCT, 06/02/2014, 19:49, 55 LOCK ST, Closed, 0214001292-OF
06/02/2014, WANTED PERSON OTHER TOWN, 06/02/2014, 21:29, 1129 CHAPEL ST, Closed by Arrest, 0114027533-OF
06/03/2014, SIMPLE ASSAULT, 06/03/2014, 00:00, 300 YORK ST, Closed by Arrest, 0114027551-OF
06/03/2014, THEFT-GREATER-FROM MOTOR VEHICLE-NON AUTO, 05/20/2014, 12:00, 133 MANSFIELD ST, Closed, 0214001298-OF
06/03/2014, BURGLARY-SCHOOL/COLLEGE /UNIVERSITY-NON FORCIBLE, 06/03/2014, 17:07, 1 PROSPECT ST, Closed by Arrest, 0214001304-OF
06/03/2014, BURGLARY-OTHER-NON FORCIBLE, 06/03/2014, 16:35, WHITNEY AVE, Closed by Arrest, 0114027668-OF
06/04/2014, THEFT-BICYCLE, 06/04/2014, 14:17, 79 HOWE ST, Open, 0214001314-OF
06/04/2014, THEFT-GREATER-BICYCLES, 06/04/2014, 14:44, 51 PROSPECT ST, Closed, 0214001315-OF
06/04/2014, THEFT-GREATER-UNIVERSITY ACADEMIC BUILDING, 06/04/2014, 17:32, 165 PROSPECT ST, Open, 0214001317-OF
06/05/2014, POSSESSION OF MARIJUANA, 06/05/2014, 11:01, 252 COLLEGE ST, Closed by Arrest, 0114028024-OF
06/06/2014, HARASSMENT, 06/06/2014, 09:17, 344 WINCHESTER AVE, Closed, 0214001334-OF
06/07/2014, SALE OF DANGEROUS OR CONTROLLED DRUGS, 06/07/2014, 00:42, 302 YORK ST, Closed by Arrest, 0214001339-OF
06/07/2014, POSSESSION OF MARIJUANA, 06/07/2014, 19:51, 149 PARK ST, Closed by Arrest, 0114028526-OF
06/07/2014, WARRANT SERVICE, 06/07/2014, 04:58, 215 PARK ST, Closed by Arrest, 0110019900-OF
06/08/2014, WANTED PERSON OTHER TOWN, 06/08/2014, 01:53, 258 GROVE ST, Closed by Arrest, 0114028604-OF
06/08/2014, DRIVING WHILE INTOXICATED-ALCOHOL, 06/08/2014, 01:24, 258 GROVE ST, Closed by Arrest, 0114028599-OF
06/08/2014, THEFT-BICYCLE, 06/08/2014, 12:15, 35 YORK ST, Open, 0214001347-OF
06/08/2014, BREACH OF PEACE, 06/08/2014, 15:36, 15 BROADWAY ST, Closed, 0114028662-OF
06/09/2014, THEFT-GREATER-ATTEMPTED, 06/09/2014, 00:54, 301 PROSPECT ST, Closed, 0214001350-OF
06/09/2014, DRIVING WHILE INTOXICATED-ALCOHOL, 06/09/2014, 01:21, 109 PARK ST, Closed by Arrest, 0114028753-OF
06/09/2014, CRIMINAL MISCHIEF-PRIVATE PROPERTY, 06/09/2014, 17:11, 57 LOCK ST, Open, 0214001354-OF
06/10/2014, CRIMINAL MISCHIEF-PRIVATE PROPERTY, 06/10/2014, 04:10, 12 AMISTAD ST, Closed, 0214001357-OF
06/10/2014, WANTED PERSON OTHER TOWN, 06/10/2014, 15:48, 333 CEDAR ST, Closed by Arrest, 0114029015-OF
06/10/2014, INTERFERING WITH AN OFFICER, 06/10/2014, 15:28, 333 CEDAR ST, Closed by Arrest, 0214001362-OF
06/11/2014, BURGLARY-SCHOOL/COLLEGE /UNIVERSITY-NON FORCIBLE, 06/10/2014, 21:00, 63 HIGH ST, Open, 0214001366-OF
06/11/2014, BURGLARY-SCHOOL/COLLEGE /UNIVERSITY-NON FORCIBLE, 06/06/2014, 05:00, 367 CEDAR ST, Open, 0214001365-OF
06/11/2014, PUBLIC INDECENCY-INDECENT, 06/11/2014, 10:00, 261 PARK ST, Closed, 0114029148-OF
06/11/2014, THEFT-GREATER-UNIVERSITY ACADEMIC BUILDING, 06/11/2014, 15:39, 110 WALL ST, Closed, 0214001368-OF
06/11/2014, WARRANT SERVICE, 06/11/2014, 19:20, 1184 CHAPEL ST, Closed by Arrest, 0114018632-OF
06/12/2014, THEFT GREATER MISCELLANEOUS, 06/12/2014, 10:52, 344 COLLEGE ST, Open, 0114029331-OF
06/12/2014, THEFT-GREATER-BICYCLES, 06/12/2014, 15:29, 205 ELM ST, Closed by Arrest, 0214001376-OF
06/12/2014, TRESPASSING, 06/12/2014, 18:39, 70 TOWER PKY, Open, 0214001378-OF
06/13/2014, DRIVING WHILE INTOXICATED-ALCOHOL, 06/13/2014, 01:09, 998 CHAPEL ST, Closed by Arrest, 0114029504-OF
06/13/2014, SALE OF DANGEROUS OR CONTROLLED DRUGS, 06/13/2014, 23:33, 304 YORK ST, Closed by Arrest, 0214001390-OF
06/14/2014, POSSESSION OF ALCOHOL BY A MINOR, 06/14/2014, 00:04, 319 YORK ST, Closed, 0114029704-OF
06/14/2014, BREACH OF PEACE, 06/14/2014, 00:25, 65 BROADWAY ST, Closed, 0114029709-OF
06/14/2014, DISPUTE-NO DISTURBANCE, 06/14/2014, 13:21, 70 TOWER PKWY, Closed, 0214001391-OF
06/15/2014, THEFT-GREATER-BICYCLES, 06/15/2014, 13:00, 333 CEDAR ST, Open, 0214001397-OF
06/16/2014, POSSESSION OF NARCOTICS-GENERAL, 06/16/2014, 02:34, 17 BROADWAY ST, Closed by Arrest, 0114030083-OF
06/16/2014, THEFT-GREATER-PUBLIC BUILDING, 06/16/2014, 09:00, 20 YORK ST, Closed, 0214001401-OF
06/18/2014, BREACH OF PEACE, 06/18/2014, 01:13, 1180 CHAPEL ST, Closed by Arrest, 0114030430-OF
06/20/2014, FORGING NARCOTICS PRESCRIPTIONS, 06/20/2014, 11:23, 40 TEMPLE ST, Open, 0214001431-OF
06/20/2014, OTHER INVESTIGATION, 06/20/2014, 15:41, 25 YORK ST, Open, 0214001434-OF
06/20/2014, BREACH OF PEACE, 06/20/2014, 23:34, 66 ASHMUN ST, Closed by Arrest, 0214001439-OF
06/20/2014, WANTED PERSON OTHER TOWN, 06/20/2014, 23:56, COLLEGE ST, Closed by Arrest, 0114031151-OF
06/21/2014, THEFT OF CREDIT CARDS, 06/21/2014, 17:41, 217 PARK ST, Open, 0214001443-OF
06/22/2014, POSSESSION OF MARIJUANA, 06/22/2014, 00:20, 49 HOWE ST, Closed by Arrest, 0114031401-OF
06/22/2014, DISPUTE-NO DISTURBANCE, 06/22/2014, 01:55, 30 YORK ST, Closed, 0114031419-OF
06/22/2014, BREACH OF PEACE, 06/22/2014, 02:10, 135 COLLEGE ST, Closed, 0214001449-OF
06/22/2014, BREACH OF PEACE, 06/22/2014, 21:46, 329 TEMPLE ST, Closed, 0114031548-OF
06/23/2014, DRIVING WHILE INTOXICATED-ALCOHOL, 06/23/2014, 00:19, DWIGHT ST, Closed by Arrest, 0114031563-OF
06/23/2014, THEFT-GREATER-BICYCLES, 06/23/2014, 23:20, 83 MANSFIELD ST, Closed, 0214001461-OF
06/24/2014, TRESPASSING, 06/25/2014, 11:23, 63 HIGH ST, Closed by Arrest, 0214001466-OF
06/24/2014, WINDOW BREAKING, 06/24/2014, 15:49, 63 HIGH ST, Closed, 0214001469-OF
06/24/2014, PUBLIC INDECENCY, 06/24/2014, 16:46, 807 CHAPEL ST, Closed by Arrest, 0114031834-OF
06/24/2014, WARRANT SERVICE, 06/24/2014, 19:09, CHAPEL ST, Closed by Arrest, 0112009642-OF
06/24/2014, THEFT-GREATER-BICYCLES, 06/24/2014, 13:57, 15 YORK ST, Open, 0214001475-OF
06/26/2014, TRESPASSING, 06/26/2014, 17:58, 367 CEDAR ST, Closed, 0214001493-OF
06/26/2014, WANTED PERSON OTHER TOWN, 06/26/2014, 21:20, 187 PARK ST, Closed by Arrest, 0114032384-OF
06/27/2014, THEFT-GREATER-UNIVERSITY ACADEMIC BUILDING, 05/23/2014, 09:00, 242 ELM ST, Open, 0214001496-OF
06/27/2014, WARRANT SERVICE, 06/27/2014, 20:09, 104 AUDOBON ST, Closed by Arrest, 0114008470-OF
06/27/2014, WARRANT SERVICE, 06/27/2014, 20:52, 104 AUDUBON ST, Closed by Arrest, 0114018255-OF
06/27/2014, WARRANT SERVICE, 06/27/2014, 21:07, 104 AUDUBON ST, Closed by Arrest, 0114015020-OF
06/27/2014, WARRANT SERVICE, 06/27/2014, 21:32, 104 AUDUBON ST, Closed by Arrest, 0114022128-OF
06/27/2014, DISORDERLY CONDUCT, 06/27/2014, 22:24, 285 COLLEGE ST, Closed by Arrest, 0114032659-OF
06/27/2014, BREACH OF PEACE, 06/27/2014, 22:51, 1071 CHAPEL ST, Open, 0114032664-OF
06/28/2014, WARRANT SERVICE, 06/28/2014, 05:06, DIXWELL AVE, Closed by Arrest, 0113049985-OF
06/28/2014, WANTED PERSON OTHER TOWN, 06/28/2014, 02:04, 139 DIXWELL AVE, Closed by Arrest, 0114032723-OF
06/30/2014, OTHER INVESTIGATION, 06/30/2014, 09:09, 225 PROSPECT ST, Closed, 0214001514-OF
06/30/2014, THEFT-GREATER-BICYCLES, 06/20/2014, 08:30, 200 PROSPECT ST, Open, 0214001515-OF
06/30/2014, TRESPASSING, 06/30/2014, 14:50, 89 TOWER PKY, Closed by Arrest, 0214001517-OF
06/30/2014, THEFT-GREATER-BICYCLES, 06/30/2014, 17:23, 246 CHURCH ST, Closed, 0214001519-OF
06/30/2014, HARASSMENT, 06/30/2014, 19:09, 367 CEDAR ST, Closed, 0214001522-OF
06/30/2014, CRIMINAL MISCHIEF-PRIVATE PROPERTY, 06/30/2014, 19:50, 79 HOWE ST, Closed, 0214001523-OF
07/01/2014, THEFT-GREATER-RESIDENCE, 06/30/2014, 18:56, 309 MANSFIELD ST, Open, 0214001526-OF
07/01/2014, DISPUTE-NO DISTURBANCE, 07/01/2014, 11:55, 285 WHALLEY AVE, Open, 0114033384-OF
07/02/2014, BURGLARY-RESIDENCE-NON FORCIBLE, , 22:30, 15 HIGH ST, Open, 0114033648-OF
07/03/2014, DOG BITE, 07/03/2014, 08:00, 206 ELM ST, Open, 0214001548-OF
07/03/2014, HARASSMENT, 07/03/2014, 09:44, 165 WHITNEY AVE, Open, 0214001551-OF
07/03/2014, BREACH OF PEACE, 07/03/2014, 12:45, 139 ASHMUN ST, Closed by Arrest, 0114033842-OF
07/03/2014, CRIMINAL MISCHIEF-PRIVATE PROPERTY, 07/03/2014, 12:48, 1071 CHAPEL ST, Closed by Arrest, 0214001555-OF
07/04/2014, DRIVING WHILE INTOXICATED-ALCOHOL, 07/04/2014, 01:11, ELM ST, Closed by Arrest, 0114034021-OF
07/04/2014, THEFT-GREATER-UNIVERSITY RESIDENCE BUILDING, 07/03/2014, 22:00, 74 HIGH ST, Closed, 0214001566-OF
07/05/2014, THEFT-GREATER-BICYCLES, 07/05/2014, 09:25, 35 YORK ST, Closed, 0214001570-OF
07/06/2014, WANTED PERSON OTHER TOWN, 07/06/2014, 00:02, 1 WASHINGTON AVE, Closed by Arrest, 0114034419-OF
07/06/2014, BURGLARY-SCHOOL/COLLEGE /UNIVERSITY-FORCIBLE, 07/04/2014, 18:00, 15 PROSPECT ST, Closed, 0214001578-OF
07/08/2014, THEFT GREATER MISCELLANEOUS, 06/30/2014, 00:00, 515 PROSPECT ST, Closed, 0214001591-OF
07/08/2014, THEFT-GREATER-BICYCLES, 07/08/2014, 11:00, 11 LAKE PL, Closed, 0114034891-OF
07/08/2014, THEFT-GREATER-BICYCLES, 07/07/2014, 15:17, 500 COLLEGE ST, Closed, 0214001597-OF
07/08/2014, THEFT-GREATER-UNIVERSITY ACADEMIC BUILDING, 07/08/2014, 17:04, 89 TOWER PKY, Closed, 0214001600-OF
07/09/2014, POSSESSION OF MARIJUANA, 07/09/2014, 02:29, CHAPEL ST, Closed by Arrest, 0114035029-OF
07/09/2014, HARASSMENT, 07/08/2014, 21:00, 409 PROSPECT ST, Open, 0214001603-OF
07/09/2014, ISSUING BAD CHECKS, 07/09/2014, 10:46, 1080 CHAPEL ST, Open, 0214001604-OF
07/09/2014, OTHER INVESTIGATION, 07/09/2014, 01:20, 205 PROSPECT ST, Closed, 0214001606-OF
07/09/2014, BURGLARY-SCHOOL/COLLEG E/UNIVERSITY-NON FORCIBLE, 07/09/2014, 12:00, 268 PARK ST, Open, 0214001607-OF
07/09/2014, WARRANT SERVICE, 07/09/2014, 15:13, CHAPEL ST, Closed by Arrest, 0114019916-OF
07/10/2014, WINDOW BREAKING, 07/10/2014, 15:10, 135 COLLEGE ST, Closed, 0214001614-OF
07/10/2014, THEFT-GREATER-BICYCLES, 07/07/2014, 15:41, 165 WHITNEY AVE, Open, 0214001615-OF
07/10/2014, MISSING JUVENILE, 07/10/2014, 16:48, 150 WASHINGTON AVE, Closed, 0114035407-OF
07/10/2014, BREACH OF PEACE, 07/10/2014, 20:18, COLLEGE ST, Closed by Arrest, 0114035499-OF
07/11/2014, BREACH OF PEACE, 07/11/2014, 23:10, 66 ASHMUN ST, Closed by Arrest, 0214001626-OF
07/12/2014, CRIMINAL MISCHIEF-PRIVATE PROPERTY, 07/12/2014, 02:19, 67 HIGH ST, Closed by Arrest, 0214001627-OF
07/12/2014, THEFT-GREATER-UNIVERSITY ACADEMIC BUILDING, 05/24/2014, 15:00, 1156 CHAPEL ST, Closed, 0214001628-OF
07/12/2014, THEFT-GREATER-UNIVERSITY ACADEMIC BUILDING, 07/12/2014, 15:05, 67 HIGH ST, Closed, 0214001632-OF
07/13/2014, WANTED PERSON OTHER TOWN, 07/13/2014, 22:28, 998 CHAPEL ST, Closed by Arrest, 0114036237-OF
07/13/2014, TRESPASSING, 07/13/2014, 23:49, 500 COLLEGE ST, Closed by Arrest, 0214001643-OF
07/14/2014, CRIMINAL MISCHIEF-PRIVATE PROPERTY, 07/08/2014, 09:19, 115 PROSPECT ST, Open, 0214001648-OF
07/14/2014, WANTED PERSON OTHER TOWN, 07/14/2014, 19:06, 372 ELM ST, Closed by Arrest, 0114036377-OF
07/15/2014, TRESPASSING, 07/15/2014, 01:57, 344 COLLEGE ST, Closed by Arrest, 0214001654-OF
07/15/2014, TRESPASSING, 07/15/2014, 08:52, 242 ELM ST, Closed by Arrest, 0214001655-OF
07/17/2014, TRESPASSING, 07/17/2014, 02:26, 142 YORK ST, Closed by Arrest, 0114036777-OF
07/17/2014, HARASSMENT, 07/16/2014, 05:32, 165 WHITNEY AVE, Open, 0214001670-OF
07/17/2014, BREACH OF PEACE, 07/17/2014, 18:08, 197 TEMPLE ST, Closed by Arrest, 0114036915-OF
07/17/2014, TRESPASSING, 07/17/2014, 21:41, 1900 CHAPEL ST, Closed by Arrest, 0214001674-OF
07/18/2014, THEFT-GREATER-BICYCLES, 07/18/2014, 13:20, 55 LOCK ST, Closed, 0214001676-OF
07/19/2014, BREACH OF PEACE, 07/19/2014, 00:58, 986 CHAPEL ST, Closed, 0114037266-OF
07/19/2014, POSSESSION OF PARAPHERNALIA, 07/19/2014, 08:54, CHAPEL ST, Closed by Arrest, 0114037318-OF
07/20/2014, POSSESSION OF MARIJUANA, 07/20/2014, 01:38, 48 HOWE ST, Closed, 0114037491-OF
07/20/2014, POSSESSION OF NARCOTICS-GENERAL, 07/20/2014, 23:33, 386 PROSPECT ST, Closed by Arrest, 0214001683-OF
07/21/2014, THEFT-GREATER-UNIVERSITY ACADEMIC BUILDING, 07/01/2014, 10:00, 60 TEMPLE ST, Open, 0214001686-OF
07/21/2014, THEFT-GREATER-UNIVERSITY ACADEMIC BUILDING, 07/18/2014, 17:30, 15 PROSPECT ST, Open, 0214001687-OF
07/21/2014, THEFT-GREATER-UNIVERSITY RESIDENCE BUILDING, 07/21/2014, 16:47, 217 PROSPECT ST, Closed, 0214001690-OF
07/21/2014, CRIMINAL MISCHIEF-PRIVATE PROPERTY, 07/21/2014, 22:26, 261 PARK ST, Closed, 0214001692-OF
07/22/2014, DRIVING WHILE INTOXICATED-ALCOHOL, 07/22/2014, 01:20, 185 ELM ST, Closed by Arrest, 0114037864-OF
07/22/2014, CARRYING A BB GUN, 07/22/2014, 00:16, COLLEGE ST, Closed by Arrest, 0114037858-OF
07/22/2014, THEFT GREATER MISCELLANEOUS, 07/22/2014, 09:50, 120 HIGH ST, Closed, 0214001695-OF
07/22/2014, WANTED PERSON NEW HAVEN, 07/22/2014, 12:20, CHAPEL ST, Closed by Arrest, 0113011235-OF
07/22/2014, THREATENING, 07/22/2014, 21:32, 105 HOWE ST, Closed, 0114038024-OF
07/23/2014, TRESPASSING, 07/23/2014, 18:54, 15 PROSPECT ST, Closed by Arrest, 0214001708-OF
07/23/2014, WARRANT SERVICE, 07/23/2014, 22:35, 320 ELM ST, Closed by Arrest, 0114007168-OF
07/24/2014, BURGLARY-SCHOOL/COLLEGE /UNIVERSITY-NON FORCIBLE, 07/24/2014, 10:23, 333 CEDAR ST, Open, 0214001711-OF
07/24/2014, BREACH OF PEACE, 07/24/2014, 20:01, 221 COLLEGE ST, Closed by Arrest, 0114038439-OF
07/25/2014, THREATENING, 07/25/2014, 02:31, 55 LOCK ST, Open, 0214001721-OF
07/25/2014, BREACH OF PEACE, 07/25/2014, 00:36, 179 YORK ST, Closed by Arrest, 0114038491-OF
07/25/2014, ROBBERY-STRT-NO WEAPON, 07/25/2014, 21:56, CHURCH S ST, Open, 0114038694-OF
07/27/2014, THEFT-GREATER-PUBLIC BUILDING, 07/27/2014, 03:08, 172 TEMPLE ST, Closed, 0114038982-OF
07/27/2014, OTHER LIQUOR OFFENSES, 07/27/2014, 17:21, 77 BROADWAY ST, Closed by Arrest, 0114039068-OF
07/27/2014, THEFT-GREATER-FROM PERSON, 07/27/2014, 20:52, DIXWELL AVE, Closed, 0114039110-OF
07/28/2014, OTHER INVESTIGATION, 07/28/2014, 03:33, 211 DERBY AVE, Closed, 0114039155-OF
07/28/2014, BREACH OF PEACE, 07/28/2014, 15:14, 119 HIGH ST, Closed by Arrest, 0214001745-OF
07/28/2014, INTERFERING WITH AN OFFICER, 07/28/2014, 19:13, 126 WALL ST, Closed by Arrest, 0114039267-OF
07/29/2014, WANTED PERSON NEW HAVEN, 07/29/2014, 04:15, 250 DERBY AVE, Closed by Arrest, 0114018960-OF
07/29/2014, WANTED PERSON NEW HAVEN, 07/29/2014, 04:30, 250 DERBY AVE, Closed by Arrest, 0114018101-OF
07/29/2014, THEFT-GREATER-UNIVERSITY ACADEMIC BUILDING, 07/28/2014, 18:00, 375 CONGRESS AVE, Closed, 0214001758-OF
07/30/2014, THEFT-GREATER-UNIVERSITY ACADEMIC BUILDING, 07/30/2014, 10:50, 15 YORK ST, Closed, 0214001764-OF
07/30/2014, POSSESSION OF MARIJUANA, 07/30/2014, 15:57, 419 COLLEGE ST, Closed by Arrest, 0114039598-OF
07/31/2014, HARASSMENT, 07/30/2014, 17:30, 37 COLLEGE ST, Closed, 0214001771-OF
07/31/2014, BREACH OF PEACE, 07/31/2014, 17:29, 77 BROADWAY ST, Closed by Arrest, 0114039898-OF
07/31/2014, CRIMINAL MISCHIEF-PRIVATE PROPERTY, 07/31/2014, 21:12, 500 COLLEGE ST, Closed, 0214001776-OF
07/31/2014, THEFT-GREATER-FROM MOTOR VEHICLE-NON AUTO, 07/31/2014, 22:47, 344 WINCHESTER AVE, Closed, 0214001779-OF
07/31/2014, THEFT-GREATER-FROM MOTOR VEHICLE, 07/31/2014, 22:50, 50 WASHINGTON AVE, Closed, 0214001778-OF
08/01/2014, SIMPLE ASSAULT, 08/01/2014, 21:30, 70 TOWER PKWY, Closed by Arrest, 0214001788-OF
08/03/2014, WARRANT SERVICE, 08/02/2014, 06:22, HOWARD, Closed by Arrest, 0114000974-OF
08/03/2014, POSSESSION OF MARIJUANA, 08/03/2014, 15:46, 197 TEMPLE ST, Closed by Arrest, 0114040525-OF
08/03/2014, CARRYING A CONCEALED WEAPON, 08/03/2014, 16:41, 419 COLLEGE ST, Closed, 0114040536-OF
08/04/2014, THEFT-GREATER-FROM MOTOR VEHICLE, 08/04/2014, 18:00, 133 YORK ST, Open, 0114040765-OF
08/05/2014, THEFT-GREATER-UNIVERSITY ACADEMIC BUILDING, 08/03/2014, 09:00, 20 YORK ST, Closed, 0214001808-OF
08/05/2014, CRIMINAL MISCHIEF-PRIVATE PROPERTY, 08/05/2014, 17:30, 115 PROSPECT ST, Open, 0214001813-OF
08/05/2014, CRIMINAL MISCHIEF-PRIVATE PROPERTY, 08/05/2014, 17:53, 300 WINCHESTER AVE, Open, 0214001814-OF
08/06/2014, THEFT-GREATER-UNIVERSITY RESIDENCE BUILDING, 08/05/2014, 09:00, 330 COLLEGE ST, Closed, 0214001821-OF
08/06/2014, BREACH OF PEACE, 08/06/2014, 17:53, 261 PARK ST, Closed, 0214001824-OF
08/07/2014, CRUELTY TO ANIMALS, 08/07/2014, 10:25, 108 MANSFIELD ST, Open, 0114041286-OF
08/07/2014, BREACH OF PEACE, 08/07/2014, 16:01, 1126 CHAPEL ST, Closed by Arrest, 0114041321-OF
08/08/2014, BREACH OF PEACE, 08/08/2014, 05:03, 219 PROSPECT ST, Closed by Arrest, 0214001837-OF
08/08/2014, HARASSMENT, 08/08/2014, 11:23, 2 WHITNEY AVE, Closed, 0214001840-OF
08/08/2014, WANTED PERSON OTHER TOWN, 08/08/2014, 10:52, 500 COLLEGE ST, Closed, 0114041475-OF
08/08/2014, HARASSMENT, 08/08/2014, 14:15, 800 HOWARD AVE, Closed, 0214001843-OF
08/08/2014, TRESPASSING, 08/08/2014, 19:14, 309 CONGRESS AVE, Closed by Arrest, 0214001845-OF
08/09/2014, SIMPLE ASSAULT, 08/09/2014, 21:59, 411 GEORGE ST, Open, 0114041812-OF
08/09/2014, THEFT-GREATER-BICYCLES, 08/09/2014, 22:39, 79 HOWE ST, Open, 0214001852-OF
08/10/2014, THEFT-GREATER-ATTEMPTED, 08/10/2014, 00:04, 135 PROSPECT ST, Closed, 0214001853-OF
08/10/2014, THEFT-GREATER-UNIVERSITY RESIDENCE BUILDING, 08/10/2014, 17:02, 74 HIGH ST, Closed, 0214001857-OF
08/11/2014, THEFT-GREATER-UNIVERSITY RESIDENCE BUILDING, 08/11/2014, 11:00, 1035 CHAPEL ST, Open, 0214001863-OF
08/11/2014, BREACH OF PEACE, 08/11/2014, 19:17, 304 GEORGE ST, Closed by Arrest, 0114042148-OF
08/12/2014, HARASSMENT, 08/12/2014, 08:00, 205 PROSPECT ST, Closed, 0214001868-OF
08/12/2014, WARRANT SERVICE, 08/12/2014, 16:48, HIGH ST, Closed by Arrest, 0114031996-OF
08/12/2014, THEFT-GREATER-UNIVERSITY ACADEMIC BUILDING, 08/12/2014, 18:32, 15 YORK ST, Closed, 0214001873-OF
08/12/2014, SIMPLE ASSAULT, 08/12/2014, 20:40, PARK ST, Closed, 0114042379-OF
08/13/2014, WANTED PERSON OTHER TOWN, 08/13/2014, 01:03, 327 GEORGE ST, Closed by Arrest, 0114042410-OF
08/13/2014, WARRANT SERVICE, 08/13/2014, 00:40, 340 GEORGE ST, Closed by Arrest, 0114025067-OF
08/13/2014, WARRANT SERVICE, 08/13/2014, 00:40, 340 GEORGE ST, Closed by Arrest, 0114013891-OF
08/13/2014, THEFT UNIVERSITY RESIDENCE BUILDING, 08/13/2014, 08:57, 386 PROSPECT ST, Closed, 0214001875-OF
08/13/2014, THEFT-GREATER-UNIVERSITY ACADEMIC BUILDING, 08/07/2014, 17:00, 195 PROSPECT ST, Open, 0214001876-OF
08/13/2014, HARASSMENT, 08/13/2014, 16:04, 333 CEDAR ST, Closed, 0214001881-OF
08/14/2014, THEFT-GREATER-UNIVERSITY ACADEMIC BUILDING, 08/14/2014, 12:00, 20 TOWER PKWY, Closed, 0214001888-OF
08/14/2014, THEFT-GREATER-BICYCLES, 08/14/2014, 19:27, 38 HIGH ST, Closed by Arrest, 0114042786-OF
08/14/2014, WARRANT SERVICE, 08/14/2014, 19:47, 1080 CHAPEL ST, Closed by Arrest, 0114042792-OF
08/14/2014, CRIMINAL MISCHIEF-PRIVATE PROPERTY, 08/14/2014, 19:21, 63 HIGH ST, Closed, 0214001890-OF
08/14/2014, THEFT-GREATER-BICYCLES, 08/14/2014, 21:19, 135 PROSPECT ST, Closed, 0214001892-OF
08/15/2014, THEFT-GREATER-UNIVERSITY ACADEMIC BUILDING, 08/07/2014, 10:00, 195 PROSPECT ST, Closed, 0214001896-OF
08/15/2014, THEFT UNIVERSITY ACADEMIC BUILDING, 08/15/2014, 15:39, 100 WALL ST, Closed, 0214001898-OF
08/15/2014, POSSESSION OF DANGEROUS OR CONTROLLED DRUGS, 08/15/2014, 23:51, 89 TOWER PKY, Closed by Arrest, 0214001899-OF
08/16/2014, ROBBERY-STRT-FIREARM, 08/16/2014, 21:11, 128 WALL ST, Closed by Arrest, 0214001906-OF
08/17/2014, UNLAWFUL DISCHARGE OF FIREARMS, 08/17/2014, 04:55, 377 ELM, Closed, 0114043291-OF
08/18/2014, BREACH OF PEACE, 08/18/2014, 16:26, 925 CHAPEL ST, Closed by Arrest, 0114043566-OF
08/18/2014, OTHER INVESTIGATION, 08/18/2014, 15:38, 105 WALL ST, Open, 0214001915-OF
08/18/2014, THEFT GREATER MISCELLANEOUS, 08/18/2014, 19:45, 344 COLLEGE ST, Open, 0114043621-OF
08/18/2014, EVADING RESPONSIBILITY, 08/18/2014, 18:58, 10 AMISTAD ST, Closed, 0214001921-OF
08/19/2014, DISORDERLY CONDUCT, 08/19/2014, 17:36, 1071 CHAPEL ST, Closed by Arrest, 0114043793-OF
08/20/2014, THEFT-GREATER-BICYCLES, 08/20/2014, 04:02, 5 WEBSTER ST, Open, 0114043882-OF
08/20/2014, THEFT-GREATER-BICYCLES, 08/20/2014, 12:38, 77 PROSPECT ST, Closed by Arrest, 0214001934-OF
08/20/2014, OTHER LIQUOR OFFENSES, 08/20/2014, 17:14, 352 ELM ST, Closed by Arrest, 0114043966-OF
08/20/2014, WANTED PERSON OTHER TOWN, 08/20/2014, 17:30, 75 CHURCH ST, Closed by Arrest, 0114043982-OF
08/21/2014, WARRANT SERVICE, 08/21/2014, 00:42, 344 WINCHESTER AVE, Closed by Arrest, 0112008905-OF
08/21/2014, TRESPASSING, 08/21/2014, 06:08, 43 HILLHOUSE AVE, Closed by Arrest, 0214001941-OF
08/21/2014, THEFT-GREATER-UNIVERSITY ACADEMIC BUILDING, 08/21/2014, 17:20, 409 PROSPECT ST, Closed, 0214001946-OF
08/21/2014, WARRANT SERVICE, 08/21/2014, 17:56, PARK ST, Closed by Arrest, 0107051441-OF
08/21/2014, DRIVING WHILE INTOXICATED-ALCOHOL, 08/21/2014, 16:42, PARK ST, Closed by Arrest, 0114044135-OF
08/21/2014, THEFT-GREATER-ATTEMPTED, 08/21/2014, 19:43, 539 PROSPECT ST, Closed, 0214001950-OF
08/21/2014, ATTEMPTED THEFT, 08/21/2014, 20:43, 430 CEDAR ST, Open, 0114044205-OF
08/22/2014, THEFT-GREATER-BICYCLES, 08/22/2014, 13:43, 1035 CHAPEL ST, Closed, 0214001953-OF
08/22/2014, EVADING RESPONSIBILITY, 08/22/2014, 08:30, 790 HOWARD AVE, Closed, 0214001954-OF
08/22/2014, BURGLARY-SCHOOL/COLLEG E/UNIVERSITY-NON FORCIBLE, 08/22/2014, 12:19, 300 GEORGE ST, Closed by Arrest, 0214001955-OF
08/22/2014, HARASSMENT, 08/22/2014, 15:05, 198 ELM ST, Open, 0214001956-OF
08/22/2014, VIOLATION OR PROTECTIVE OR RESTRAINING ORDER, 08/22/2014, 18:37, 157 CHURCH ST, Closed by Arrest, 0114044388-OF
08/22/2014, SIMPLE ASSAULT, 08/21/2014, 21:20, 44 ORANGE ST, Open, 0114044412-OF
08/22/2014, INTERFERING WITH AN OFFICER, 08/22/2014, 20:59, 300 YORK ST, Closed by Arrest, 0114044428-OF
08/23/2014, BREACH OF PEACE, 08/23/2014, 19:26, 75 CHURCH ST, Closed by Arrest, 0114044589-OF
08/23/2014, DRIVING WHILE INTOXICATED-ALCOHOL, 08/23/2014, 22:30, DERBY AVE, Closed by Arrest, 0114044635-OF
08/23/2014, POSSESSION OF NARCOTICS-GENERAL, 08/23/2014, 23:39, 281 TEMPLE ST, Closed, 0114044648-OF
08/24/2014, BREACH OF PEACE, 08/24/2014, 00:47, CHAPEL, Closed by Arrest, 0114044657-OF
08/24/2014, BURGLARY-RESIDENCE-NON FORCIBLE, 08/17/2014, 09:00, 23 LAKE PL, Closed, 0114044751-OF
08/24/2014, ROBBERY-STRT-FIREARM, 08/24/2014, 00:36, N FRONTAGE RD, Open, 0114044658-OF
08/25/2014, THEFT-GREATER-BICYCLES, 08/25/2014, 20:21, 70 TOWER PKY, Closed, 0214001981-OF
08/25/2014, TRESPASSING, 08/25/2014, 20:26, 500 COLLEGE ST, Closed, 0214001982-OF
08/26/2014, BURGLARY-SCHOOL/COLLEG E/UNIVERSITY-NON FORCIBLE, 08/26/2014, 07:49, 15 YORK ST, Open, 0214001985-OF
08/26/2014, THEFT-GREATER-UNIVERSITY ACADEMIC BUILDING, 08/26/2014, 11:45, 20 TOWER PKY, Open, 0214001986-OF
08/26/2014, THEFT GREATER MISCELLANEOUS, 08/26/2014, 14:00, 333 CEDAR ST, Closed, 0214001988-OF
08/26/2014, OTHER LIQUOR OFFENSES, 08/26/2014, 17:40, 37 HIGH ST, Closed by Arrest, 0114045074-OF
08/26/2014, THEFT-GREATER-BICYCLES, 08/26/2014, 21:50, 127 WALL ST, Open, 0214001994-OF
08/27/2014, DISPUTE-NO DISTURBANCE, 08/26/2014, 08:34, 165 WHITNEY AVE, Open, 0214001996-OF
08/27/2014, THEFT-GREATER-UNIVERSITY ACADEMIC BUILDING, 08/27/2014, 20:39, 165 WHITNEY AVE, Open, 0214002002-OF
08/28/2014, ROBBERY-STRT-OTH WEAPON, 08/28/2014, 00:43, HIGH ST, Closed by Arrest, 0214002004-OF
08/28/2014, BURGLARY-SCHOOL/COLLEGE /UNIVERSITY-NON FORCIBLE, 04/01/2014, 00:00, 220 YORK ST, Open, 0214002010-OF
08/29/2014, THEFT MISCELLANEOUS, 08/29/2014, 06:19, 500 COLLEGE ST, Closed, 0214002017-OF
08/29/2014, THEFT-GREATER-BICYCLES, 08/29/2014, 16:30, 386 PROSPECT ST, Closed, 0214002020-OF
08/29/2014, SIMPLE ASSAULT, 08/29/2014, 21:38, CHAPEL ST, Closed by Arrest, 0114045766-OF
08/30/2014, POSSESSION OF MARIJUANA, 08/30/2014, 00:11, 208 ELM ST, Closed, 0114045795-OF
08/30/2014, THEFT-GREATER-BICYCLES, 08/30/2014, 11:15, 35 YORK ST, Open, 0214002026-OF
08/30/2014, BURGLARY-SCHOOL/COLLEG E/UNIVERSITY-NON FORCIBLE, 08/30/2014, 18:38, 358 COLLEGE ST, Closed, 0214002029-OF
08/30/2014, OTHER INVESTIGATION, 08/30/2014, 22:37, 111 PARK ST, Open, 0114045970-OF
08/31/2014, POSSESSION Of PROHIBITED OR UNLICENSED WEAPON, 08/31/2014, 02:30, 201 CHURCH ST, Closed by Arrest, 0114046006-OF
09/01/2014, INTERFERING WITH AN OFFICER, 09/01/2014, 01:43, PROSPECT ST, Closed by Arrest, 0114046124-OF
09/01/2014, WANTED PERSON OTHER TOWN, 09/01/2014, 01:35, 323 TEMPLE ST, Closed by Arrest, 0114046123-OF
09/01/2014, WARRANT SERVICE, 09/01/2014, 01:35, 323 TEMPLE ST, Closed by Arrest, 0114006745-OF
09/01/2014, WARRANT SERVICE, 09/01/2014, 01:35, 323 TEMPLE ST, Closed by Arrest, 0114006952-OF
09/01/2014, WARRANT SERVICE, 09/01/2014, 01:35, 323 TEMPLE ST, Closed by Arrest, 0114009784-OF
09/01/2014, BURGLARY-SCHOOL/COLLEGE /UNIVERSITY-FORCIBLE, 09/01/2014, 05:19, 15 PROSPECT ST, Open, 0214002036-OF
09/02/2014, WANTED PERSON OTHER TOWN, 09/02/2014, 00:55, 305 LAKE PL, Closed by Arrest, 0114046246-OF
09/02/2014, THEFT GREATER MISCELLANEOUS, 09/02/2014, 01:35, 110 WALL ST, Closed, 0214002043-OF
09/02/2014, RECOVERED STOLEN AUTO, 09/02/2014, 01:22, 66 LOCK ST, Closed by Arrest, 0114046249-OF
09/02/2014, THEFT-GREATER-UNIVERSITY RESIDENCE BUILDING, 08/27/2014, 09:00, 99 TOWER PKY, Open, 0214002052-OF
09/02/2014, WANTED PERSON OTHER TOWN, 09/02/2014, 13:43, 20 GILBERT ST, Closed by Arrest, 0114046295-OF
09/02/2014, FRAUD, 09/02/2014, 14:32, 67 NASH ST, Closed, 0114046301-OF
09/02/2014, FALSELY REPORTING AN INCIDENT, 09/02/2014, 19:06, 70 CENTRAL AVE, Closed, 0214002056-OF
09/02/2014, THEFT-GREATER-BICYCLES, 09/02/2014, 23:45, 180 YORK ST, Closed, 0214002058-OF
09/03/2014, THEFT-BICYCLE, 09/02/2014, 22:00, 179 MANSFIELD ST, Closed, 0214002061-OF
09/03/2014, HARASSMENT, 08/27/2014, 11:17, 1 PROSPECT ST, Open, 0214002063-OF
09/03/2014, THEFT-GREATER-BICYCLES, 09/03/2014, 18:09, 45 GROVE ST, Closed, 0114046543-OF
09/03/2014, WANTED PERSON OTHER TOWN, 09/03/2014, 23:52, 201 WHALLEY AVE, Closed by Arrest, 0114046642-OF
09/04/2014, WANTED PERSON OTHER TOWN, 09/03/2014, 01:48, 201 WHALLEY AVE, Closed by Arrest, 0114046643-OF
09/04/2014, THEFT UNIVERSITY ACADEMIC BUILDING, 08/30/2014, 08:41, 55 WHITNEY AVE, Open, 0214002070-OF
09/04/2014, BREACH OF PEACE, 09/04/2014, 09:49, 55 LOCK ST, Closed, 0214002073-OF
09/04/2014, TRESPASSING, 09/04/2014, 12:47, 320 YORK ST, Closed by Arrest, 0214002075-OF
09/05/2014, THEFT-GREATER-BICYCLES, 09/04/2014, 15:00, 73 SACHEM ST, Open, 0214002078-OF
09/05/2014, THEFT-GREATER-UNIVERSITY ACADEMIC BUILDING, 08/22/2014, 17:00, 264 WASHINGTON AVE, Open, 0214002080-OF
09/05/2014, THEFT-GREATER-BICYCLES, 09/05/2014, 09:15, 310 CEDAR ST, Open, 0114047002-OF
09/06/2014, POSSESSION OF MARIJUANA, 09/06/2014, 01:41, 134 WALL ST, Closed by Arrest, 0214002090-OF
09/07/2014, THEFT-GREATER-UNIVERSITY RESIDENCE BUILDING, 09/07/2014, 01:00, 345 TEMPLE ST, Closed, 0214002098-OF
09/08/2014, TRESPASSING, 09/08/2014, 01:12, 345 TEMPLE ST, Closed by Arrest, 0214002101-OF
09/08/2014, BURGLARY-SCHOOL/COLLEGE /UNIVERSITY-NON FORCIBLE, 09/08/2014, 08:03, 330 CEDAR ST, Closed, 0214002103-OF
09/08/2014, EVADING RESPONSIBILITY, 09/01/2014, 09:00, 100 CHURCH S ST, Open, 0214002102-OF
09/08/2014, THEFT-GREATER-BICYCLES, 09/08/2014, 14:41, 206 ELM ST, Closed, 0214002108-OF
09/08/2014, THEFT-GREATER-ATTEMPTED, 09/08/2014, 15:29, 17 HILLHOUSE AVE, Closed by Arrest, 0214002109-OF
09/08/2014, CRIMINAL MISCHIEF-PRIVATE PROPERTY, 09/08/2014, 17:13, 333 CEDAR ST, Closed, 0214002112-OF
09/08/2014, THEFT-GREATER-BICYCLES, 09/08/2014, 13:50, 150 MUNSON ST, Closed, 0114047710-OF
09/08/2014, THREATENING, 09/08/2014, 20:41, 222 YORK ST, Open, 0214002115-OF
09/08/2014, THEFT-GREATER-BICYCLES, 09/08/2014, 20:43, 1035 CHAPEL ST, Closed, 0214002116-OF
09/09/2014, THEFT-GREATER-BICYCLES, 09/05/2014, 07:44, 333 CEDAR ST, Open, 0214002120-OF
09/09/2014, THEFT-BICYCLE, 09/09/2014, 16:06, 333 CEDAR ST, Closed, 0214002130-OF
09/09/2014, DISPUTE-NO DISTURBANCE, 09/09/2014, 21:34, 320 YORK ST, Closed, 0214002131-OF
09/11/2014, THEFT-BICYCLE, 09/11/2014, 13:55, 180 YORK ST, Open, 0214002148-OF
09/11/2014, THEFT-GREATER-UNIVERSITY RESIDENCE BUILDING, 09/11/2014, 17:44, 210 PARK ST, Closed, 0214002151-OF
09/12/2014, TRESPASSING, 09/12/2014, 01:18, 304 YORK ST, Closed, 0214002154-OF
09/12/2014, THEFT-GREATER-BICYCLES, 09/12/2014, 17:36, 165 WHITNEY AVE, Closed, 0214002163-OF
09/12/2014, BURGLARY-SCHOOL/COLLEGE /UNIVERSITY-NON FORCIBLE, 09/12/2014, 20:05, 205 ELM ST, Open, 0214002164-OF
09/12/2014, THEFT GREATER MISCELLANEOUS, 09/12/2014, 20:13, 55 LOCK ST, Open, 0214002165-OF
09/12/2014, DRIVING WHILE INTOXICATED-DRUGS, 09/12/2014, 23:37, GEORGE ST, Closed by Arrest, 0114048593-OF
09/13/2014, THEFT GREATER SHOPLIFTING, 09/13/2014, 21:18, 51 BROADWAY ST, Closed, 0114048797-OF
09/13/2014, THEFT-GREATER-BICYCLES, 09/13/2014, 23:00, 352 CANNER ST, Closed, 0214002177-OF
09/14/2014, THEFT-GREATER-RESIDENCE, 09/14/2014, 15:06, 79 LAKE PL, Closed, 0214002183-OF
09/14/2014, THEFT-GREATER-RESIDENCE, 09/14/2014, 15:06, 79 LAKE PL, Closed, 0214002182-OF
09/14/2014, THEFT-GREATER-BICYCLES, 09/14/2014, 16:44, 310 CEDAR ST, Closed, 0214002184-OF
09/14/2014, INTERFERING WITH AN OFFICER, 09/14/2014, 18:02, 397 CHAPEL ST, Closed by Arrest, 0114048950-OF
09/14/2014, THEFT-GREATER-RESIDENCE, 09/14/2014, 19:29, 100 HOWE ST, Closed, 0214002186-OF
09/15/2014, HARASSMENT, 09/15/2014, 08:34, 123 YORK ST, Open, 0214002189-OF
09/15/2014, THEFT-GREATER-BICYCLES, 09/15/2014, 12:35, 70 TOWER PKY, Open, 0114049039-OF
09/15/2014, BREACH OF PEACE, 09/15/2014, 17:57, 157 PROSPECT ST, Closed by Arrest, 0114049097-OF
09/15/2014, THEFT-GREATER-BICYCLES, 09/15/2014, 22:57, 32 EDGEWOOD AVE, Open, 0214002193-OF
09/15/2014, THEFT-GREATER-BICYCLES, 09/15/2014, 23:30, 261 PARK ST, Closed, 0214002194-OF
09/16/2014, BURGLARY-SCHOOL/COLLEGE /UNIVERSITY-NON FORCIBLE, 04/26/2014, 09:00, 305 CROWN ST, Open, 0214002198-OF
09/16/2014, THEFT-GREATER-BICYCLES, 09/16/2014, 14:21, 109 GROVE ST, Closed, 0214002200-OF
09/16/2014, THEFT-GREATER-UNIVERSITY ACADEMIC BUILDING, 09/16/2014, 14:57, 165 WHITNEY AVE, Closed by Arrest, 0214002199-OF
09/17/2014, THEFT-GREATER-BICYCLES, 09/17/2014, 07:00, 35 YORK ST, Open, 0114049424-OF
09/17/2014, BREACH OF PEACE, 09/17/2014, 20:08, 220 YORK ST, Open, 0114049549-OF
09/18/2014, HARASSMENT, 09/18/2014, 11:25, 1080 CHAPEL ST, Open, 0214002214-OF
09/18/2014, WARRANT SERVICE, 09/18/2014, 21:19, , Closed by Arrest, 0114045838-OF
09/18/2014, BREACH OF PEACE, 09/18/2014, 22:29, 89 TOWER PKY, Open, 0214002219-OF
09/19/2014, THEFT-GREATER-BICYCLES, 09/18/2014, 08:30, 215 PARK ST, Closed, 0214002221-OF
09/19/2014, THEFT-BICYCLE, 09/19/2014, 11:45, 70 TOWER PKY, Closed, 0214002223-OF
09/19/2014, CRIMINAL MISCHIEF-PRIVATE PROPERTY, 09/19/2014, 20:00, 352 CANNER ST, Open, 0214002227-OF
09/20/2014, THEFT-GREATER-BICYCLES, 09/20/2014, 02:12, 435 COLLEGE ST, Closed by Arrest, 0214002232-OF
09/20/2014, TRESPASSING, 09/20/2014, 12:02, 80 CENTRAL AVE, Open, 0214002236-OF
09/20/2014, THEFT-GREATER-FROM MOTOR VEHICLE, 09/20/2014, 15:03, 270 CONGRESS AVE, Closed, 0214002237-OF
09/20/2014, TRESPASSING, 09/20/2014, 17:52, 121 WALL ST, Closed, 0214002239-OF
09/20/2014, THEFT-BICYCLE, 09/20/2014, 18:05, 1035 CHAPEL ST, Open, 0214002240-OF
09/20/2014, POSSESSION OF MARIJUANA, 09/20/2014, 18:01, 208 ELM ST, Closed by Arrest, 0114050123-OF
09/20/2014, WARRANT SERVICE, 09/20/2014, 18:10, 208 ELM ST, Closed by Arrest, 0114050121-OF
09/20/2014, THEFT MISCELLANEOUS, 09/20/2014, 20:03, 330 COLLEGE ST, Closed, 0214002242-OF
09/20/2014, ROBBERY-STRT-FIREARM, 09/20/2014, 20:27, 186 LAWRANCE ST, Closed, 0114050172-OF
09/21/2014, WARRANT SERVICE, 09/21/2014, 19:34, PROSPECT ST, Closed by Arrest, 0114050330-OF
09/21/2014, ROBBERY-STRT-OTH WEAPON, 09/21/2014, 00:45, CHAPEL ST, Closed, 0114050213-OF
09/22/2014, THEFT UNIVERSITY ACADEMIC BUILDING, 09/19/2014, 17:00, 15 YORK ST, Closed, 0214002258-OF
09/22/2014, THEFT-BICYCLE, 09/22/2014, 08:58, 571 PROSPECT ST, Closed, 0214002259-OF
09/22/2014, THEFT-GREATER-BICYCLES, 09/19/2014, 16:00, 27 HILLHOUSE AVE, Open, 0114050446-OF
09/22/2014, THEFT-BICYCLE, 09/21/2014, 14:00, 165 WHITNEY AVE, Open, 0214002262-OF
09/22/2014, THEFT FROM PERSON, 09/17/2014, 23:00, 990 CHAPEL ST, Open, 0114050469-OF
09/22/2014, THEFT-GREATER-FROM MOTOR VEHICLE, 09/22/2014, 15:12, CEDAR ST, Closed, 0114050485-OF
09/22/2014, THEFT-GREATER-BICYCLES, 09/22/2014, 17:08, ELM ST, Closed, 0114050512-OF
09/23/2014, TRESPASSING, 09/23/2014, 02:53, 100 YORK ST, Closed by Arrest, 0114050578-OF
09/23/2014, BURGLARY-OTHER-NON FORCIBLE, 09/23/2014, 08:54, 350 EDWARDS ST, Open, 0214002269-OF
09/23/2014, HARASSMENT, 09/16/2014, 12:00, 352 CANNER ST, Open, 0214002272-OF
09/23/2014, THEFT-GREATER-UNIVERSITY ACADEMIC BUILDING, 09/18/2014, 21:00, 305 CROWN ST, Open, 0214002273-OF
09/23/2014, TRESPASSING, 09/23/2014, 17:02, 82 WALL ST, Closed by Arrest, 0214002274-OF
09/23/2014, WARRANT SERVICE, 09/23/2014, 16:30, YORK ST, Closed by Arrest, 0114031936-OF
09/24/2014, THEFT-BICYCLE, 09/23/2014, 15:00, 165 MANSFIELD ST, Open, 0214002278-OF
09/24/2014, ROBBERY ATTEMPT OTH WEAPON, 09/23/2014, 17:30, 35 COLLEGE ST, Closed, 0114050910-OF
09/25/2014, TRESPASSING, 09/25/2014, 00:59, 89 CENTRAL AVE, Closed by Arrest, 0214002284-OF
09/25/2014, THEFT-GREATER-FROM MOTOR VEHICLE, 09/21/2014, 09:00, 206 LAFAYETTE ST, Closed, 0214002285-OF
09/25/2014, THEFT-BICYCLE, 09/24/2014, 16:00, 242 ELM ST, Open, 0214002289-OF
09/25/2014, TRESPASSING, 09/25/2014, 16:33, 344 WINCHESTER AVE, Closed, 0114051075-OF
09/25/2014, THEFT-GREATER-BICYCLES, 09/25/2014, 14:15, 70 TOWER PKY, Open, 0114051116-OF
09/26/2014, THEFT-GREATER-BICYCLES, 09/25/2014, 16:00, 330 COLLEGE ST, Closed, 0214002299-OF
09/26/2014, THEFT-GREATER-BICYCLES, 09/26/2014, 14:54, 15 PROSPECT ST, Open, 0214002300-OF
09/26/2014, POSSESSION OF ALCOHOL BY A MINOR, 09/26/2014, 22:13, 66 ASHMUN ST, Closed by Arrest, 0214002303-OF
09/27/2014, THEFT-GREATER-BICYCLES, 09/27/2014, 21:37, 60 COLLEGE ST, Closed, 0214002312-OF
09/28/2014, THEFT-GREATER-BICYCLES, 09/28/2014, 15:19, 165 WHITNEY AVE, Closed, 0214002316-OF
09/28/2014, THEFT-GREATER-BICYCLES, 09/28/2014, 16:15, 70 TOWER PKY, Closed, 0214002319-OF
09/28/2014, DISPUTE-NO DISTURBANCE, 09/28/2014, 17:58, 470 PROSPECT ST, Open, 0214002320-OF
09/29/2014, ARSON, 09/29/2014, 13:00, 77 BROADWAY ST, Open, 0114051850-OF
09/29/2014, BREACH OF PEACE, 09/29/2014, 19:05, 55 LOCK ST, Closed by Arrest, 0214002328-OF
09/29/2014, TRESPASSING, 09/29/2014, 19:22, 211 PARK ST, Closed by Arrest, 0214002330-OF
09/29/2014, OTHER LIQUOR OFFENSES, 09/29/2014, 20:14, 53 HIGH ST, Open, 0114051919-OF
09/30/2014, WANTED PERSON OTHER TOWN, 09/30/2014, 00:19, 21 WEBSTER ST, Closed by Arrest, 0114051945-OF
09/30/2014, WANTED PERSON OTHER TOWN, 09/30/2014, 00:19, 21 WEBSTER ST, Closed by Arrest, 0114051943-OF
09/30/2014, THEFT-GREATER-BICYCLES, 09/29/2014, 15:00, 40 ASHMUN ST, Closed, 0114051999-OF
09/30/2014, TRESPASSING, 09/30/2014, 16:28, 30 HILLHOUSE AVE, Open, 0214002337-OF
09/30/2014, THEFT-BICYCLE, 09/30/2014, 18:49, 165 WHITNEY AVE, Closed, 0214002338-OF
09/30/2014, THEFT-BICYCLE, 09/30/2014, 22:35, 333 CEDAR ST, Open, 0114052129-OF
09/30/2014, BREACH OF PEACE, 09/30/2014, 23:40, 272 COLLEGE ST, Closed by Arrest, 0114052134-OF
09/30/2014, THEFT-GREATER-BICYCLES, 09/30/2014, 23:35, 310 CEDAR ST, Open, 0214002340-OF
10/01/2014, THEFT-GREATER-BICYCLES, 09/25/2014, 16:00, 70 TOWER PKY, Open, 0214002345-OF
10/01/2014, EVADING RESPONSIBILITY, 10/01/2014, 15:25, 12 AMISTAD ST, Open, 0214002346-OF
10/01/2014, INTERFERING WITH AN OFFICER, 10/01/2014, 21:50, 103 BROADWAY ST, Closed by Arrest, 0114052282-OF
10/02/2014, SEXUAL CONTACT FORCIBLE OR WITHOUT CONSENT, 05/18/2013, 00:00, OFF CAMPUS RESIDENCE, Closed, 14-27-OF
10/02/2014, BURGLARY-SCHOOL/COLLEG E/UNIVERSITY-FORCIBLE, 10/01/2014, 09:00, 2 CHURCH SOUTH ST, Open, 0214002351-OF
10/02/2014, THEFT-BICYCLE, 10/02/2014, 18:04, 68 HOWE ST, Open, 0114052419-OF
10/02/2014, TRESPASSING, 10/02/2014, 16:24, 206 ELM ST, Closed by Arrest, 0214002352-OF
10/02/2014, THEFT-GREATER-UNIVERSITY ACADEMIC BUILDING, 10/02/2014, 18:59, 47 COLLEGE ST, Open, 0214002353-OF
10/02/2014, THEFT-GREATER-BICYCLES, 10/02/2014, 20:01, 205 PROSPECT ST, Open, 0214002354-OF
10/02/2014, POSSESSION OF MARIJUANA, 10/02/2014, 20:59, 350 YORK ST, Open, 0114052461-OF
10/03/2014, BURGLARY-OTHER-NON FORCIBLE, 10/03/2014, 11:36, 1 WASHINGTON AVE, Closed by Arrest, 0214002357-OF
10/03/2014, THEFT GREATER MISCELLANEOUS, 10/03/2014, 13:53, 1156 CHAPEL ST, Open, 0214002359-OF
10/03/2014, THEFT-GREATER-BICYCLES, 10/03/2014, 15:11, 36 EDGEWOOD AVE, Open, 0214002360-OF
10/03/2014, THEFT-GREATER-BICYCLES, 10/03/2014, 22:15, 17 BROADWAY, Closed by Arrest, 0114052689-OF
10/03/2014, SIMPLE ASSAULT, 10/01/2014, 00:00, 320 YORK ST, Closed, 14-28-OF
10/03/2014, SEX ASSAULT-FORCIBLE, 03/01/2013, 00:00, OFF CAMPUS RESIDENCE, Closed, 14-29-OF
10/04/2014, OTHER LIQUOR OFFENSES, 10/04/2014, 20:47, 187 PARK ST, Closed, 0114052879-OF
10/04/2014, OTHER LIQUOR OFFENSES, 10/04/2014, 19:57, 187 PARK ST, Closed, 0114052868-OF
10/04/2014, DRIVING WHILE INTOXICATED-DRUGS, 10/04/2014, 23:30, 53 HIGH ST, Closed by Arrest, 0114052918-OF
10/05/2014, SIMPLE ASSAULT, 10/05/2014, 00:26, 205 ELM ST, Closed by Arrest, 0214002369-OF
10/06/2014, THEFT-BICYCLE, 10/03/2014, 18:00, 67 HOWE ST, Open, 0214002376-OF
10/06/2014, THEFT-GREATER-PUBLIC BUILDING, 10/06/2014, 14:42, 400 COLLEGE ST, Open, 0214002379-OF
10/07/2014, ATTEMPTED THEFT, 10/07/2014, 19:53, 165 WHITNEY AVE, Closed by Arrest, 2014-03212-OF
10/07/2014, THREATENING, 10/07/2014, 15:26, 29 TOWER PKWY, Open, 2014-03204-OF
10/08/2014, THEFT UNIVERSITY ACADEMIC BUILDING, 10/06/2014, 18:00, 15 YORK ST, Open, 2014-03214-OF
10/08/2014, THEFT-GREATER-BICYCLES, 10/08/2014, 18:07, 370 TEMPLE ST, Open, 2014-03222-OF
10/08/2014, THEFT-BICYCLE, 10/06/2014, 09:00, 344 COLLEGE ST, Open, 2014-03217-OF
10/09/2014, PROBATION VIOLATION, 10/09/2014, 17:52, GOFFEE ST, Closed by Arrest, 2014-03231-OF
10/10/2014, HARASSMENT, 10/10/2014, 02:36, 1037 CHAPEL STREET A4-41, Open, 2014-03240-OF
10/10/2014, THEFT-GREATER-UNIVERSITY ACADEMIC BUILDING, 10/10/2014, 17:49, 315 CEDAR ST, Open, 2014-03243-OF
10/10/2014, THEFT FROM PERSON, 10/10/2014, 19:10, 345 TEMPLE ST, Open, 2014-03247-OF
10/10/2014, THEFT-GREATER-BICYCLES, 10/10/2014, 08:30, 9 HILLHOUSE AVE, Closed, 2014-03245-OF
10/10/2014, SIMPLE ASSAULT, 10/05/2014, 01:50, 174 PARK ST, Open, 2014-03239-OF
10/11/2014, RECKLESS BURNING, 10/11/2014, 19:05, 304 ELM ST, Closed, 2014-03260-OF
10/11/2014, WANTED PERSON OTHER TOWN, 10/11/2014, 21:52, BROADWAY, Closed by Arrest, 2014-03266-OF
10/11/2014, BREACH OF PEACE, 10/11/2014, 23:09, 302 YORK ST, Closed, 2014-03269-OF
10/11/2014, HARASSMENT, 10/11/2014, 17:49, 248 YORK ST, Open, 2014-03257-OF
10/12/2014, SEX ASSAULT W/O CONSENT, 10/12/2014, 03:14, OFF CAMPUS RESIDENCE, Open, 2014-03273-OF
10/13/2014, HARASSMENT, 10/13/2014, 15:49, 91 HOWE ST, Open, 2014-03282-OF
10/13/2014, OTHER INVESTIGATION, 10/13/2014, 17:07, 205 ELM ST, Closed, 2014-03283-OF
10/14/2014, WARRANT SERVICE, 10/14/2014, 19:00, WEBSTER ST, Closed by Arrest, 2014-03298-OF
10/14/2014, WARRANT SERVICE, 10/14/2014, 19:00, WEBSTER ST, Closed by Arrest, 2014-03299-OF
10/14/2014, THEFT-BICYCLE, 10/14/2014, 13:30, TEMPLE ST, Open, 2014-03302-OF
10/14/2014, DRIVING WHILE INTOXICATED-ALCOHOL, 10/14/2014, 22:07, MUNSON ST, Closed by Arrest, 2014-03305-OF
10/15/2014, THEFT FROM AUTO, 10/14/2014, 16:00, WALL ST, Open, 2014-03306-OF
10/15/2014, DISPUTE-NO DISTURBANCE, 10/15/2014, 01:13, 1 LYNWOOD PL, Closed, 2014-03308-OF
10/15/2014, WARRANT SERVICE, 10/15/2014, 01:43, 1 UNION AVE, Closed by Arrest, 2014-03307-OF
10/15/2014, THEFT-BICYCLE, 09/25/2014, 12:00, 165 WHITNEY AVE, Closed, 2014-03311-OF
10/15/2014, THEFT-GREATER-UNIVERSITY RESIDENCE BUILDING, 10/14/2014, 22:00, 261 PARK ST, Closed, 2014-03312-OF
10/15/2014, BURGLARY-OTHER-FORCIBLE, 10/15/2014, 13:15, HIGH ST, Closed by Arrest, 2014-03313-OF
10/15/2014, WANTED PERSON OTHER TOWN, 10/15/2014, 13:15, CROWN ST, Closed by Arrest, 2014-03314-OF
10/15/2014, WANTED PERSON OTHER TOWN, 10/15/2014, 13:15, CROWN ST, Closed by Arrest, 2014-03315-OF
10/15/2014, WANTED PERSON NEW HAVEN, 10/15/2014, 13:15, CROWN ST, Closed by Arrest, 2012-18385-OF
10/15/2014, WANTED PERSON NEW HAVEN, 10/15/2014, 13:15, CROWN ST, Closed by Arrest, 2011-51619-OF
10/15/2014, THEFT-BICYCLE, 10/15/2014, 23:38, 110 WALL ST, Closed, 2014-03338-OF
10/16/2014, THREATENING, 10/16/2014, 18:27, 15 YORK ST, Closed, 2014-03352-OF
10/16/2014, DISORDERLY CONDUCT, 10/16/2014, 19:39, 280 YORK ST, Closed, 2014-03354-OF
10/17/2014, THEFT-GREATER-BICYCLES, 10/17/2014, 15:50, 46 BROWNELL ST, Open, 2014-03360-OF
10/17/2014, THEFT-GREATER-BICYCLES, 10/17/2014, 16:22, 190 YORK ST, Open, 2014-03364-OF
10/17/2014, THEFT-GREATER-BICYCLES, 10/17/2014, 18:19, YORK ST, Open, 2014-03365-OF
10/18/2014, BREACH OF PEACE, 10/18/2014, 07:30, CONGRESS AVE, Closed, 2014-03378-OF
10/18/2014, BURGLARY-SCHOOL/COLLEGE /UNIVERSITY-NON FORCIBLE, 10/18/2014, 17:12, 235 DERBY AVE, Open, 2014-03383-OF
10/18/2014, POSSESSION OF MARIJUANA, 10/18/2014, 20:20, CROWN ST, Open, 2014-03386-OF
10/19/2014, TRESPASSING, 10/19/2014, 00:25, 205 ELM ST, Closed by Arrest, 2014-03391-OF
10/19/2014, BREACH OF PEACE, 10/19/2014, 00:12, 302 YORK ST, Closed by Arrest, 2014-03390-OF
10/19/2014, TRESPASSING, 10/19/2014, 02:32, 300 COLLEGE ST, Closed by Arrest, 2014-03393-OF
10/19/2014, THEFT-GREATER-BICYCLES, 10/19/2014, 18:38, 345 TEMPLE ST, Closed, 2014-03403-OF
10/19/2014, THEFT-GREATER-BICYCLES, 10/19/2014, 14:20, 165 WHITNEY AVE, Open, 2014-03400-OF
10/19/2014, THEFT-BICYCLE, 10/19/2014, 21:27, 470 COLLEGE ST, Open, 2014-03405-OF
10/20/2014, THEFT-GREATER-BICYCLES, 10/17/2014, 13:30, 120 HIGH ST, Open, 2014-03414-OF
10/20/2014, THEFT UNIVERSITY ACADEMIC BUILDING, 10/19/2014, 18:00, 100 WALL ST, Closed, 2014-03415-OF
10/20/2014, THEFT OF CREDIT CARDS, 10/15/2014, 16:08, 120 TOWER PKWY, Open, 2014-03416-OF
10/20/2014, THEFT-GREATER-BICYCLES, 10/20/2014, 19:51, 1037 CHAPEL ST, Closed by Arrest, 2014-03425-OF
10/21/2014, TRESPASSING, 10/21/2014, 15:33, 228 PARK ST, Closed, 2014-05708-OF
10/21/2014, THEFT-GREATER-BICYCLES, 10/21/2014, 22:51, COLLEGE ST, Closed by Arrest, 2014-03443-OF
10/22/2014, THEFT-GREATER-UNIVERSITY ACADEMIC BUILDING, 10/22/2014, 18:04, 120 HIGH ST, Closed, 2014-03449-OF
10/22/2014, THEFT-GREATER-BICYCLES, 10/22/2014, 16:54, 42 MANSFIELD ST, Closed, 2014-03445-OF
10/23/2014, HARASSMENT, 08/30/2014, 09:00, 2 CHURCH S ST, Open, 2014-03453-OF
10/23/2014, THEFT GREATER MISCELLANEOUS, 09/24/2014, 12:00, 120 HIGH ST, Open, 2014-03454-OF
10/23/2014, THEFT-BICYCLE, 10/18/2014, 12:00, 344 COLLEGE ST, Open, 2014-03455-OF
10/24/2014, CRIMINAL MISCHIEF-PRIVATE PROPERTY, 10/24/2014, 15:40, 1017 CHAPEL ST, Closed, 2014-03471-OF
10/25/2014, POSSESSION OF DANGEROUS OR CONTROLLED DRUGS, 10/25/2014, 00:00, 66 ASHMUN ST, Closed by Arrest, 2014-03474-OF
10/25/2014, THREATENING, 10/25/2014, 01:34, 260 YORK ST, Closed, 2014-03475-OF
10/25/2014, TRESPASSING, 10/25/2014, 02:33, 304 YORK ST, Closed by Arrest, 2014-03476-OF
10/25/2014, BURGLARY-RESIDENCE-NON FORCIBLE, 10/25/2014, 12:50, 300 COLLEGE ST, Closed, 2014-03478-OF
10/25/2014, INTERFERING WITH AN OFFICER, 10/25/2014, 16:18, CHAPEL ST, Closed by Arrest, 2014-03479-OF
10/25/2014, THEFT-BICYCLE, 10/25/2014, 17:50, TEMPLE ST, Closed, 2014-03480-OF
10/25/2014, DRIVING WHILE INTOXICATED-ALCOHOL, 10/25/2014, 22:49, ELM ST, Closed by Arrest, 2014-03484-OF
10/26/2014, TRESPASSING, 10/26/2014, 02:07, 241 ELM ST, Closed by Arrest, 2014-03487-OF
10/27/2014, OTHER INVESTIGATION, 10/27/2014, 01:00, 165 ELM ST, Closed, 2014-03500-OF
10/27/2014, THEFT-GREATER-ATTEMPTED, 10/27/2014, 16:30, PROSPECT ST, Closed by Arrest, 2014-03508-OF
10/27/2014, THEFT-BICYCLE, 10/27/2014, 18:19, 333 CEDAR ST, Open, 2014-03511-OF
10/27/2014, THEFT-GREATER-BICYCLES, 10/27/2014, 19:42, 195 PROSPECT ST, Open, 2014-03513-OF
10/28/2014, THEFT-GREATER-UNIVERSITY ACADEMIC BUILDING, 09/28/2014, 08:00, 248 YORK ST, Closed, 2014-03522-OF
10/28/2014, THEFT-BICYCLE, 10/27/2014, 23:00, ELM ST, Closed, 2014-03523-OF
10/28/2014, WARRANT SERVICE, 10/28/2014, 15:54, TOWER PKWY, Closed by Arrest, 2014-03527-OF
10/28/2014, THEFT-GREATER-PUBLIC BUILDING, 10/28/2014, 16:14, 66 CHURCH ST, Open, 2014-03531-OF
10/28/2014, THEFT MISCELLANEOUS, 10/28/2014, 15:25, 1035 CHAPEL ST, Open, 2014-03530-OF
10/28/2014, THEFT-GREATER-UNIVERSITY ACADEMIC BUILDING, 10/28/2014, 20:15, 70 TOWER PKWY, Closed, 2014-03537-OF
10/28/2014, OTHER INVESTIGATION, 10/28/2014, 23:33, 123 YORK ST, Closed, 2014-03545-OF
10/29/2014, OTHER INVESTIGATION, 10/28/2014, 12:00, 221 WHITNEY AVE, Open, 2014-03557-OF
10/29/2014, THEFT-GREATER-BICYCLES, 10/29/2014, 19:11, 205 ELM ST, Closed by Arrest, 2014-03563-OF
10/29/2014, THEFT-GREATER-UNIVERSITY ACADEMIC BUILDING, 10/29/2014, 22:29, 70 TOWER PKWY, Open, 2014-03566-OF
10/30/2014, OTHER INVESTIGATION, 10/28/2014, 21:00, 120 HIGH ST, Closed, 2014-03570-OF
10/30/2014, THEFT GREATER MISCELLANEOUS, 10/30/2014, 10:07, ELM ST, Closed, 2014-03571-OF
10/30/2014, SEXUAL CONTACT FORCIBLE OR WITHOUT CONSENT, 03/01/2014, 00:01, OFF-CAMPUS RESIDENCE, Closed, 14-33-OF
10/31/2014, BURGLARY-SCHOOL/COLLEGE /UNIVERSITY-NON FORCIBLE, 10/31/2014, 06:50, 165 CENTRAL AVE, Closed by Arrest, 2014-03587-OF
10/31/2014, NAL TRESPASS 3RD, 10/31/2014, 08:57, 105 WALL ST, Closed, 2014-03589-OF
10/31/2014, SIMPLE ASSAULT, 10/31/2014, 23:30, WHITNEY AVE, Closed, 2014-03602-OF
11/01/2014, THEFT MISCELLANEOUS, 11/01/2014, 02:15, YORK ST, Closed, 2014-03605-OF
11/01/2014, OTHER INVESTIGATION, 11/01/2014, 17:50, 320 YORK ST, Closed, 2014-03608-OF
11/02/2014, SIMPLE ASSAULT, 11/02/2014, 00:30, 302 YORK ST, Open, 2014-03620-OF
11/02/2014, BREACH OF PEACE, 11/02/2014, 01:11, 241 ELM ST, Closed by Arrest, 2014-03623-OF
11/02/2014, THEFT-GREATER-UNIVERSITY RESIDENCE BUILDING, 11/02/2014, 01:39, 261 YORK ST, Open, 2014-03624-OF
11/02/2014, TRESPASSING, 11/02/2014, 00:59, 241 ELM ST, Closed by Arrest, 2014-03619-OF
11/02/2014, TRESPASSING, 11/02/2014, 02:57, 241 ELM ST, Closed by Arrest, 2014-03622-OF
11/02/2014, THEFT-GREATER-BICYCLES, 11/02/2014, 14:30, 127 WALL ST, Open, 2014-03631-OF
11/02/2014, THEFT-GREATER-FROM PERSON, 11/01/2014, 17:00, 500 COLLEGE ST, Open, 2014-03632-OF
11/03/2014, THEFT-GREATER-UNIVERSITY ACADEMIC BUILDING, 10/31/2014, 15:00, 241 ELM ST, Closed, 2014-03636-OF
11/03/2014, TRESPASSING, 11/03/2014, 23:48, 1184 CHAPEL ST, Closed by Arrest, 2014-03648-OF
11/04/2014, DRIVING WHILE INTOXICATED-ALCOHOL, 11/04/2014, 21:38, GROVE ST, Closed by Arrest, 2014-03658-OF
11/05/2014, THEFT-GREATER-UNIVERSITY RESIDENCE BUILDING, 11/03/2014, 01:00, 89 TOWER PKWY, Closed, 2014-03661-OF
11/05/2014, THEFT-GREATER-UNIVERSITY ACADEMIC BUILDING, 11/01/2014, 09:26, 410 W CAMPUS DR, Open, OPD14-252213-OF
11/05/2014, HARASSMENT, 11/15/2013, 23:12, 10 AMISTAD ST, Closed, 2014-03665-OF
11/05/2014, THEFT-GREATER-BICYCLES, 11/05/2014, 15:48, 53 WALL ST, Closed, 2014-03666-OF
11/06/2014, THEFT-GREATER-BICYCLES, 11/06/2014, 18:25, 70 TOWER PKWY, Open, 2014-03680-OF
11/06/2014, INTERFERING WITH AN OFFICER, 11/06/2014, 18:29, 34 HILLHOUSE AVE, Closed by Arrest, 2014-03679-OF
11/06/2014, THEFT-BICYCLE, 11/06/2014, 13:00, 195 PROSPECT ST, Open, 2014-03687-OF
11/06/2014, THEFT-GREATER-BICYCLES, 11/06/2014, 08:00, 210 WHITNEY AVE, Closed, 2014-03677-OF
11/07/2014, CRIMINAL MISCHIEF-PRIVATE PROPERTY, 11/06/2014, 08:00, 74 HIGH ST, Closed, 2014-03686-OF
11/08/2014, BREACH OF PEACE, 11/08/2014, 03:03, 1227 CHAPEL ST, Closed by Arrest, 2014-03700-OF
11/08/2014, ATTEMPTED THEFT, 11/08/2014, 19:32, 48 HOWE ST, Closed, 2014-3706-OF
11/08/2014, ATTEMPTED THEFT, 11/08/2014, 19:01, 48 HOWE ST, Closed, 2014-03706-OF
11/08/2014, THEFT GREATER MISCELLANEOUS, 11/08/2014, 22:35, 70 CENTRAL AVE, Closed, 2014-03712-OF
11/08/2014, SIMPLE ASSAULT, 11/08/2014, 23:00, 282 YORK ST, Closed, 2014-03714-OF
11/08/2014, TRESPASSING, 11/08/2014, 16:55, 100 YORK ST, Closed by Arrest, 2014-03703-OF
11/08/2014, TRESPASSING, 11/08/2014, 23:49, 302 YORK ST, Closed, 2014-03713-OF
11/09/2014, BREACH OF PEACE, 11/09/2014, 00:47, 302 YORK ST, Closed by Arrest, 2014-03718-OF
11/09/2014, TRESPASSING, 11/09/2014, 00:01, 189 ELM ST, Closed by Arrest, 2014-03715-OF
11/09/2014, THEFT-BICYCLE, 11/09/2014, 12:00, 170 WHITNEY AVE, Open, 2014-03729-OF
11/09/2014, THEFT OF OTHER MOTOR VEHICLE, 11/09/2014, 14:30, 165 WHITNEY AVE, Open, 2014-03728-OF
11/10/2014, THEFT GREATER MISCELLANEOUS, 11/09/2014, 12:00, 165 WHITNEY AVE, Closed, 201403784-OF
11/10/2014, HARASSMENT, 11/10/2014, 11:18, 81 WALL ST, Closed, 2014-03735-OF
11/10/2014, THEFT-GREATER-UNIVERSITY ACADEMIC BUILDING, 11/02/2014, 15:30, 900 WEST_CAMPUS DR, Closed, WH2014-38820-OF
11/10/2014, THEFT-GREATER-FROM PERSON, 11/10/2014, 16:27, 300 COLLEGE ST, Closed by Arrest, 2014-03739-OF
11/10/2014, THEFT-GREATER-BICYCLES, 11/10/2014, 20:18, 1035 CHAPEL ST, Open, 2014-03744-OF
11/11/2014, BURGLARY-ATTEMPT, 11/08/2014, 00:00, 34 LYNWOOD PL, Open, 2014-003748-OF
11/11/2014, THEFT-GREATER-BICYCLES, 11/11/2014, 15:46, 344 WINCHESTER AVE, Closed by Arrest, 2014-03753-OF
11/11/2014, WANTED PERSON OTHER TOWN, 11/11/2014, 21:32, YALE AVE, Open, 2014-03758-OF
11/12/2014, THEFT-GREATER-UNIVERSITY RESIDENCE BUILDING, 11/09/2014, 09:00, 1035 CHAPEL ST, Open, 2014-03768-OF
11/12/2014, THEFT-BICYCLE, 11/12/2014, 12:44, CANNER ST, Open, 2014-03770-OF
11/12/2014, OTHER INVESTIGATION, 11/12/2014, 17:52, 354 CANNER ST, Closed, 2014-03777-OF
11/13/2014, OTHER INVESTIGATION, 11/13/2014, 14:37, 221 WHITNEY AVE, Open, 2014-03797-OF
11/13/2014, THEFT-BICYCLE, 11/13/2014, 17:20, HIGH ST, Open, 2014-03798-OF
11/14/2014, DRIVING WHILE INTOXICATED-DRUGS, 11/14/2014, 00:29, GEORGE ST, Closed by Arrest, 2014-03805-OF
11/14/2014, THEFT-GREATER-UNIVERSITY ACADEMIC BUILDING, 11/14/2014, 09:37, 330 COLLEGE ST, Open, 2014-03808-OF
11/14/2014, THEFT GREATER MISCELLANEOUS, 11/14/2014, 13:28, 81 CENTRAL AVE, Open, 2014-03815-OF
11/14/2014, OTHER INVESTIGATION, 11/13/2014, 00:00, 86 ADELINE ST, Open, 2014-03810-OF
11/14/2014, CARRYING A BB GUN, 11/14/2014, 20:10, ELM ST, Closed by Arrest, 2014-03821-OF
11/15/2014, EVADING RESPONSIBILITY, 11/15/2014, 01:22, 225 WASHINGTON AVE, Open, 2014-03825-OF
11/15/2014, DISPUTE-NO DISTURBANCE, 11/15/2014, 00:53, 344 WINCHESTER AVE, Closed, 2014-03824-OF
11/15/2014, THEFT GREATER MISCELLANEOUS, 11/15/2014, 12:55, 104 WASHINGTON AVE, Open, 2014-03832-OF
11/15/2014, OTHER INVESTIGATION, 11/15/2014, 17:47, 242 ELM ST, Closed, 2014-03834-OF
11/15/2014, TRESPASSING, 11/15/2014, 23:20, 242 ELM ST, Closed by Arrest, 2014-03838-OF
11/15/2014, BREACH OF PEACE, 11/15/2014, 22:10, GEORGE ST, Open, 2014-03835-OF
11/16/2014, POSSESSION OF ALCOHOL BY A MINOR, 11/16/2014, 00:10, TOWER PKWY, Closed, 2014-03839-OF
11/17/2014, OTHER INVESTIGATION, 11/17/2014, 11:54, 242 ELM ST, Closed, 2014-03851-OF
11/17/2014, HARASSMENT, 10/31/2014, 21:00, 206 ELM ST, Open, 2014-03856-OF
11/18/2014, TRESPASSING, 11/18/2014, 02:47, 34-36 HIGH ST, Closed, 2014-03859-OF
11/18/2014, THEFT-GREATER-UNIVERSITY RESIDENCE BUILDING, 11/16/2014, 17:00, 189 ELM ST, Closed, 2014-03864-OF
11/18/2014, THEFT GREATER MISCELLANEOUS, 11/12/2014, 20:00, 101 ASHMUN ST, Closed, 2014-03865-OF
11/18/2014, WARRANT SERVICE, 11/18/2014, 23:35, YORK ST, Closed by Arrest, 2014-03869-OF
11/18/2014, BREACH OF PEACE, 11/18/2014, 22:31, 66 ASHMUN ST, Closed by Arrest, 2014-03868-OF
11/19/2014, THEFT FROM AUTO, 11/19/2014, 02:20, ASHMUN ST, Closed, 2014-03870-OF
11/19/2014, CRIMINAL MISCHIEF-PRIVATE PROPERTY, 11/15/2014, 04:30, 168 GROVE ST, Closed, 2014-03881-OF
11/19/2014, ATTEMPTED THEFT, 11/19/2014, 17:42, 242 ELM ST, Open, 2014-03878-OF
11/20/2014, CRIMINAL MISCHIEF-PRIVATE PROPERTY, 11/19/2014, 17:00, 242 ELM ST, Closed, 2014-03890-OF
11/20/2014, POSSESSION OF ALCOHOL BY A MINOR, 11/20/2014, 20:42, PARK ST, Closed, 2014-03897-OF
11/20/2014, POSSESSION OF ALCOHOL BY A MINOR, 11/20/2014, 20:49, 1183 CHAPEL ST, Closed, 2014-03898-OF
11/21/2014, CRIMINAL MISCHIEF-PRIVATE PROPERTY, 11/21/2014, 00:31, 242 ELM ST, Open, 2014-03902-OF
11/21/2014, TRESPASSING, 11/21/2014, 02:07, 82-90 WALL ST, Closed, 2014-03903-OF
11/21/2014, BREACH OF PEACE, 11/21/2014, 23:26, 66 ASHMUN ST, Closed by Arrest, 2014-03922-OF
11/21/2014, WINDOW BREAKING, 11/21/2014, 23:35, 261 PARK ST, Closed, 2014-03923-OF
11/22/2014, POSSESSION OF MARIJUANA, 11/22/2014, 02:14, , Closed by Arrest, 2014-03927-OF
11/22/2014, TRESPASSING, 11/22/2014, 16:56, 60 COLLEGE ST, Closed by Arrest, 2014-03930-OF
11/22/2014, POSSESSION OF DANGEROUS OR CONTROLLED DRUGS, 11/22/2014, 23:32, 320 YORK ST, Closed by Arrest, 2014-03936-OF
11/23/2014, THEFT-SHOPLIFTING, 11/23/2014, 18:52, 13 BROADWAY, Closed, 2014-003944-OF
11/23/2014, DRIVING WHILE INTOXICATED-ALCOHOL, 11/23/2014, 19:02, GOERGE ST, Closed by Arrest, 2014-03947-OF
11/24/2014, THEFT-GREATER-FROM MOTOR VEHICLE, 11/24/2014, 01:07, 53 PROSPECT, Closed, 2014-03948-OF
11/24/2014, DISPUTE-NO DISTURBANCE, 11/24/2014, 15:57, 180 YORK ST, Closed, 2014-03953-OF
11/25/2014, WARRANT SERVICE, 11/25/2014, 16:11, 222 YORK ST, Closed by Arrest, 0114029592-OF
11/25/2014, DISORDERLY CONDUCT, 11/25/2014, 21:15, 51 BROADWAY, Closed by Arrest, 2014-03968-OF
11/25/2014, CRIMINAL MISCHIEF-PRIVATE PROPERTY, 11/19/2014, 09:00, 209 PROSPECT ST, Open, 2014-03963-OF
11/26/2014, FORGERY OF GOVERNMENT INSTRUMENTS, 11/26/2014, 23:52, ELM ST, Open, 2014-03978-OF
11/28/2014, THEFT FROM MOTOR VEHICLE-NON AUTO, 11/28/2014, 09:39, 89 GOFFE ST, Closed, 2014-03979-OF
11/29/2014, DRIVING WHILE INTOXICATED-DRUGS, 11/29/2014, 16:41, YORK ST, Closed by Arrest, 2014-03992-OF
11/30/2014, THEFT-GREATER-FROM PERSON, 11/30/2014, 17:11, ELM ST, Open, 2014-04000-OF
12/01/2014, DISORDERLY CONDUCT, 12/01/2014, 15:35, 155 TEMPLE ST, Closed by Arrest, 2014-04006-OF
12/02/2014, TRESPASSING, 12/02/2014, 03:40, 222 YORK ST, Closed, 2014-04012-OF
12/02/2014, HARASSMENT, 12/02/2014, 13:30, 1 PROSPECT ST, Open, 2014-04016-OF
12/03/2014, THEFT GREATER MISCELLANEOUS, 12/03/2014, 15:08, 262 BRADLEY ST, Closed, 2014-04019-OF
12/03/2014, THEFT-GREATER-UNIVERSITY ACADEMIC BUILDING, 12/03/2014, 19:56, 320 YORK ST, Closed by Arrest, 2014-04026-OF
12/04/2014, INTERFERING WITH AN OFFICER, 12/04/2014, 01:28, 1080 CHAPEL ST, Closed by Arrest, 2014-04031-OF
12/04/2014, OTHER INVESTIGATION, 12/01/2014, 08:00, 55 WHITNEY AVE, Open, 2014-04033-OF
12/05/2014, DRIVING WHILE INTOXICATED-ALCOHOL, 12/05/2014, 01:40, 345 TEMPLE ST, Closed by Arrest, 2014-04037-OF
12/05/2014, THEFT GREATER MISCELLANEOUS, 12/05/2014, 12:30, 201 YORK ST, Closed, 2014-04039-OF
12/05/2014, DISORDERLY CONDUCT, 12/05/2014, 13:00, 189 ELM ST, Closed by Arrest, 2014-04040-OF
12/05/2014, THEFT-GREATER-PUBLIC BUILDING, 12/05/2014, 13:40, 206 ELM ST, Open, 2014-04041-OF
12/06/2014, SIMPLE ASSAULT, 12/06/2014, 21:00, 300 GEORGE ST, Open, 2014-04053-OF
12/07/2014, THEFT FROM MOTOR VEHICLE-NON AUTO, 12/07/2014, 08:45, 73 SACHEM ST, Open, 2014-04059-OF
12/08/2014, THEFT-GREATER-UNIVERSITY ACADEMIC BUILDING, 12/08/2014, 17:00, 9 HILLHOUSE AVE, Open, 2014-04068-OF
